<?xml version="1.0" encoding="UTF-8" ?>
<!DOCTYPE mapper PUBLIC "-//mybatis.org//DTD Mapper 3.0//EN" "http://mybatis.org/dtd/mybatis-3-mapper.dtd" >
<mapper namespace="com.fangbaba.basic.mappers.HotelModelMapper" >
  <resultMap id="BaseResultMap" type="com.fangbaba.basic.face.bean.HotelModel" >
    <result column="id" property="id" jdbcType="BIGINT" />
    <result column="hotelname" property="hotelname" jdbcType="VARCHAR" />
    <result column="hotelcontactname" property="hotelcontactname" jdbcType="VARCHAR" />
    <result column="regtime" property="regtime" jdbcType="TIMESTAMP" />
    <result column="detailaddr" property="detailaddr" jdbcType="VARCHAR" />
    <result column="longitude" property="longitude" jdbcType="DECIMAL" />
    <result column="latitude" property="latitude" jdbcType="DECIMAL" />
    <result column="opentime" property="opentime" jdbcType="TIMESTAMP" />
    <result column="repairtime" property="repairtime" jdbcType="TIMESTAMP" />
    <result column="roomnum" property="roomnum" jdbcType="INTEGER" />
    <result column="businesslicensefront" property="businesslicensefront" jdbcType="VARCHAR" />
    <result column="businesslicenseback" property="businesslicenseback" jdbcType="VARCHAR" />
    <result column="hotelpms" property="hotelpms" jdbcType="VARCHAR" />
    <result column="isvisible" property="isvisible" jdbcType="CHAR" />
    <result column="isonline" property="isonline" jdbcType="CHAR" />
    <result column="idcardfront" property="idcardfront" jdbcType="VARCHAR" />
    <result column="idcardback" property="idcardback" jdbcType="VARCHAR" />
    <result column="retentiontime" property="retentiontime" jdbcType="CHAR" />
    <result column="defaultleavetime" property="defaultleavetime" jdbcType="CHAR" />
    <result column="hotelphone" property="hotelphone" jdbcType="VARCHAR" />
    <result column="hoteltype" property="hoteltype" jdbcType="INTEGER" />
    <result column="discode" property="discode" jdbcType="INTEGER" />
    <result column="districtname" property="districtname" jdbcType="VARCHAR" />
    <result column="qtphone" property="qtphone" jdbcType="VARCHAR" />
    <result column="citycode" property="citycode" jdbcType="INTEGER" />
    <result column="cityname" property="cityname" jdbcType="VARCHAR" />
    <result column="provcode" property="provcode" jdbcType="INTEGER" />
    <result column="provincename" property="provincename" jdbcType="VARCHAR" />
    <result column="pmstype" property="pmstype" jdbcType="VARCHAR" />
    <result column="isonlinetime" property="isonlinetime" jdbcType="TIMESTAMP" />
    <result column="hotelfax" property="hotelfax" jdbcType="VARCHAR" />
    <result column="state" property="state" jdbcType="INTEGER" />
    <result column="psbcode" property="psbcode" jdbcType="VARCHAR" />
    <result column="psbname" property="psbname" jdbcType="VARCHAR" />
    <result column="isselfbuildhotel" property="isselfbuildhotel" jdbcType="VARCHAR" />
    <result column="hotelchannelsource" property="hotelchannelsource" jdbcType="VARCHAR" />
  </resultMap>
  <resultMap id="ResultMapWithBLOBs" type="com.fangbaba.basic.face.bean.HotelModel" extends="BaseResultMap" >
    <result column="introduction" property="introduction" jdbcType="LONGVARCHAR" />
  </resultMap>
  <sql id="Example_Where_Clause" >
    <where >
      <foreach collection="oredCriteria" item="criteria" separator="or" >
        <if test="criteria.valid" >
          <trim prefix="(" suffix=")" prefixOverrides="and" >
            <foreach collection="criteria.criteria" item="criterion" >
              <choose >
                <when test="criterion.noValue" >
                  and ${criterion.condition}
                </when>
                <when test="criterion.singleValue" >
                  and ${criterion.condition} #{criterion.value}
                </when>
                <when test="criterion.betweenValue" >
                  and ${criterion.condition} #{criterion.value} and #{criterion.secondValue}
                </when>
                <when test="criterion.listValue" >
                  and ${criterion.condition}
                  <foreach collection="criterion.value" item="listItem" open="(" close=")" separator="," >
                    #{listItem}
                  </foreach>
                </when>
              </choose>
            </foreach>
          </trim>
        </if>
      </foreach>
    </where>
  </sql>
  <sql id="Update_By_Example_Where_Clause" >
    <where >
      <foreach collection="example.oredCriteria" item="criteria" separator="or" >
        <if test="criteria.valid" >
          <trim prefix="(" suffix=")" prefixOverrides="and" >
            <foreach collection="criteria.criteria" item="criterion" >
              <choose >
                <when test="criterion.noValue" >
                  and ${criterion.condition}
                </when>
                <when test="criterion.singleValue" >
                  and ${criterion.condition} #{criterion.value}
                </when>
                <when test="criterion.betweenValue" >
                  and ${criterion.condition} #{criterion.value} and #{criterion.secondValue}
                </when>
                <when test="criterion.listValue" >
                  and ${criterion.condition}
                  <foreach collection="criterion.value" item="listItem" open="(" close=")" separator="," >
                    #{listItem}
                  </foreach>
                </when>
              </choose>
            </foreach>
          </trim>
        </if>
      </foreach>
    </where>
  </sql>
  <sql id="Base_Column_List" >
    id, hotelname, hotelcontactname, regtime, detailaddr, longitude, latitude, opentime, 
    repairtime, roomnum, businesslicensefront, businesslicenseback, hotelpms, isvisible, 
    isonline, idcardfront, idcardback, retentiontime, defaultleavetime, hotelphone, hoteltype, 
    discode, qtphone, citycode, provcode, pmstype, isonlinetime, hotelfax, state, psbcode, psbname, isselfbuildhotel, hotelchannelsource
  </sql>
  <sql id="Join_Column_List" >
    h.id, h.hotelname, h.hotelcontactname, h.regtime, h.detailaddr, h.longitude, h.latitude, h.opentime, 
    h.repairtime, h.roomnum, h.businesslicensefront, h.businesslicenseback, h.hotelpms, h.isvisible, 
    h.isonline, h.idcardfront, h.idcardback, h.retentiontime, h.defaultleavetime, h.hotelphone, h.hoteltype, 
    h.discode, h.qtphone, h.citycode, h.provcode, h.pmstype, h.introduction, h.hotelfax, h.psbcode, h.psbname, h.isselfbuildhotel, h.hotelchannelsource
  </sql>
  <sql id="Blob_Column_List" >
    introduction
  </sql>
  <sql id="set_update_fields">
  	<set >
      <if test="hotelname != null and hotelname != ''" >
        hotelname = #{hotelname,jdbcType=VARCHAR},
      </if>
      <if test="hotelcontactname != null and hotelcontactname != ''" >
        hotelcontactname = #{hotelcontactname,jdbcType=VARCHAR},
      </if>
      <if test="regtime != null" >
        regtime = #{regtime,jdbcType=TIMESTAMP},
      </if>
      <if test="detailaddr != null and detailaddr != ''" >
        detailaddr = #{detailaddr,jdbcType=VARCHAR},
      </if>
      <if test="longitude != null" >
        longitude = #{longitude,jdbcType=DECIMAL},
      </if>
      <if test="latitude != null" >
        latitude = #{latitude,jdbcType=DECIMAL},
      </if>
      <if test="opentime != null" >
        opentime = #{opentime,jdbcType=TIMESTAMP},
      </if>
      <if test="repairtime != null" >
        repairtime = #{repairtime,jdbcType=TIMESTAMP},
      </if>
      <if test="roomnum != null" >
        roomnum = #{roomnum,jdbcType=INTEGER},
      </if>
      <if test="businesslicensefront != null and businesslicensefront != ''" >
        businesslicensefront = #{businesslicensefront,jdbcType=VARCHAR},
      </if>
      <if test="businesslicenseback != null and businesslicenseback != ''" >
        businesslicenseback = #{businesslicenseback,jdbcType=VARCHAR},
      </if>
      <if test="hotelpms != null and hotelpms != ''" >
        hotelpms = #{hotelpms,jdbcType=VARCHAR},
      </if>
      <if test="isvisible != null and isvisible != ''" >
        isvisible = #{isvisible,jdbcType=CHAR},
      </if>
      <if test="isonline != null and isonline != ''" >
        isonline = #{isonline,jdbcType=CHAR},
      </if>
      <if test="idcardfront != null and idcardfront != ''" >
        idcardfront = #{idcardfront,jdbcType=VARCHAR},
      </if>
      <if test="idcardback != null and idcardback != ''" >
        idcardback = #{idcardback,jdbcType=VARCHAR},
      </if>
      <if test="retentiontime != null and retentiontime != ''" >
        retentiontime = #{retentiontime,jdbcType=CHAR},
      </if>
      <if test="defaultleavetime != null and defaultleavetime != ''" >
        defaultleavetime = #{defaultleavetime,jdbcType=CHAR},
      </if>
      <if test="hotelphone != null and hotelphone != ''" >
        hotelphone = #{hotelphone,jdbcType=VARCHAR},
      </if>
      <if test="hoteltype != null" >
        hoteltype = #{hoteltype,jdbcType=INTEGER},
      </if>
      <if test="discode != null" >
        discode = #{discode,jdbcType=INTEGER},
      </if>
      <if test="qtphone != null and qtphone != ''" >
        qtphone = #{qtphone,jdbcType=VARCHAR},
      </if>
      <if test="citycode != null" >
        citycode = #{citycode,jdbcType=INTEGER},
      </if>
      <if test="provcode != null" >
        provcode = #{provcode,jdbcType=INTEGER},
      </if>
      <if test="pmstype != null and pmstype != ''" >
        pmstype = #{pmstype,jdbcType=VARCHAR},
      </if>
      <if test="isonlinetime != null" >
        isonlinetime = #{isonlinetime,jdbcType=TIMESTAMP},
      </if>
      <if test="hotelfax != null and hotelfax != ''" >
        hotelfax = #{hotelfax,jdbcType=VARCHAR},
      </if>
      <if test="state != null" >
        state = #{state,jdbcType=INTEGER},
      </if>
      <if test="introduction != null" >
        introduction = #{introduction,jdbcType=LONGVARCHAR},
      </if>
      <if test="psbcode != null" >
        psbcode = #{psbcode,jdbcType=VARCHAR},
      </if>
      <if test="psbname != null" >
        psbname = #{psbname,jdbcType=VARCHAR},
      </if>
      <if test="isselfbuildhotel != null" >
        isselfbuildhotel = #{isselfbuildhotel,jdbcType=VARCHAR},
      </if>
      <if test="hotelchannelsource != null" >
        hotelchannelsource = #{hotelchannelsource,jdbcType=VARCHAR},
      </if>
    </set>
  </sql>
  <sql id="set_record_update_fields">
  	<set >
      <if test="record.id != null" >
        id = #{record.id,jdbcType=BIGINT},
      </if>
      <if test="record.hotelname != null and record.hotelname != ''" >
        hotelname = #{record.hotelname,jdbcType=VARCHAR},
      </if>
      <if test="record.hotelcontactname != null and record.hotelcontactname != ''" >
        hotelcontactname = #{record.hotelcontactname,jdbcType=VARCHAR},
      </if>
      <if test="record.regtime != null" >
        regtime = #{record.regtime,jdbcType=TIMESTAMP},
      </if>
      <if test="record.detailaddr != null and record.detailaddr != ''" >
        detailaddr = #{record.detailaddr,jdbcType=VARCHAR},
      </if>
      <if test="record.longitude != null" >
        longitude = #{record.longitude,jdbcType=DECIMAL},
      </if>
      <if test="record.latitude != null" >
        latitude = #{record.latitude,jdbcType=DECIMAL},
      </if>
      <if test="record.opentime != null" >
        opentime = #{record.opentime,jdbcType=TIMESTAMP},
      </if>
      <if test="record.repairtime != null" >
        repairtime = #{record.repairtime,jdbcType=TIMESTAMP},
      </if>
      <if test="record.roomnum != null" >
        roomnum = #{record.roomnum,jdbcType=INTEGER},
      </if>
      <if test="record.businesslicensefront != null and record.businesslicensefront != ''" >
        businesslicensefront = #{record.businesslicensefront,jdbcType=VARCHAR},
      </if>
      <if test="record.businesslicenseback != null and record.businesslicenseback != ''" >
        businesslicenseback = #{record.businesslicenseback,jdbcType=VARCHAR},
      </if>
      <if test="record.hotelpms != null and record.hotelpms != ''" >
        hotelpms = #{record.hotelpms,jdbcType=VARCHAR},
      </if>
      <if test="record.isvisible != null and record.isvisible != ''" >
        isvisible = #{record.isvisible,jdbcType=CHAR},
      </if>
      <if test="record.isonline != null and record.isonline != ''" >
        isonline = #{record.isonline,jdbcType=CHAR},
      </if>
      <if test="record.idcardfront != null and record.idcardfront != ''" >
        idcardfront = #{record.idcardfront,jdbcType=VARCHAR},
      </if>
      <if test="record.idcardback != null and record.idcardback != ''" >
        idcardback = #{record.idcardback,jdbcType=VARCHAR},
      </if>
      <if test="record.retentiontime != null and record.retentiontime != ''" >
        retentiontime = #{record.retentiontime,jdbcType=CHAR},
      </if>
      <if test="record.defaultleavetime != null and record.defaultleavetime != ''" >
        defaultleavetime = #{record.defaultleavetime,jdbcType=CHAR},
      </if>
      <if test="record.hotelphone != null and record.hotelphone != ''" >
        hotelphone = #{record.hotelphone,jdbcType=VARCHAR},
      </if>
      <if test="record.hoteltype != null" >
        hoteltype = #{record.hoteltype,jdbcType=INTEGER},
      </if>
      <if test="record.discode != null" >
        discode = #{record.discode,jdbcType=INTEGER},
      </if>
      <if test="record.qtphone != null and record.qtphone != ''" >
        qtphone = #{record.qtphone,jdbcType=VARCHAR},
      </if>
      <if test="record.citycode != null" >
        citycode = #{record.citycode,jdbcType=INTEGER},
      </if>
      <if test="record.provcode != null" >
        provcode = #{record.provcode,jdbcType=INTEGER},
      </if>
      <if test="record.pmstype != null and record.pmstype != ''" >
        pmstype = #{record.pmstype,jdbcType=VARCHAR},
      </if>
      <if test="record.isonlinetime != null" >
        isonlinetime = #{record.isonlinetime,jdbcType=TIMESTAMP},
      </if>
      <if test="record.hotelfax != null and record.hotelfax != ''" >
        hotelfax = #{record.hotelfax,jdbcType=VARCHAR},
      </if>
      <if test="record.state != null" >
        state = #{record.state,jdbcType=INTEGER},
      </if>
      <if test="record.introduction != null" >
        introduction = #{record.introduction,jdbcType=LONGVARCHAR},
      </if>
      <if test="record.psbcode != null and record.psbcode != ''" >
        psbcode = #{record.psbcode,jdbcType=VARCHAR},
      </if>
      <if test="record.psbname != null and record.psbname != ''" >
        psbname = #{record.psbname,jdbcType=VARCHAR},
      </if>
      <if test="record.isselfbuildhotel != null and record.isselfbuildhotel != ''" >
        isselfbuildhotel = #{record.isselfbuildhotel,jdbcType=VARCHAR},
      </if>
      <if test="record.hotelchannelsource != null and record.hotelchannelsource != ''" >
        hotelchannelsource = #{record.hotelchannelsource,jdbcType=VARCHAR},
      </if>
    </set>
  </sql>
  <select id="selectByExampleWithBLOBs" resultMap="ResultMapWithBLOBs" parameterType="com.fangbaba.basic.po.HotelModelExample" >
    select
    <if test="distinct" >
      distinct
    </if>
    <include refid="Base_Column_List" />
    ,
    <include refid="Blob_Column_List" />
    from hotel
    <if test="_parameter != null" >
      <include refid="Example_Where_Clause" />
    </if>
    <if test="orderByClause != null" >
      order by ${orderByClause}
    </if>
  </select>
  <select id="selectAllhotelsWithOtaHotels" resultType="com.fangbaba.basic.face.bean.HotelModel"  >
    SELECT 
    <include refid="Join_Column_List" />
    ,b.otatype
    from hotel h,ota_hotel b where h.id = b.hotelid
    <!-- <if test="otatypes != null and otatypes.size() > 0" >
    and b.otatype in 
		<foreach item="xxx" collection="otatypes"  separator="," open="(" close=")" index="">  
	      #{xxx}  
	    </foreach>
    </if> -->
    <if test="otatype != null" >
      and b.otatype = #{otatype}
    </if>
  </select>
  <select id="selectAll" resultType="com.fangbaba.basic.face.bean.HotelModel"  parameterType="com.fangbaba.basic.po.HotelModelExample" >
    SELECT MAX(saleprice) AS maxprice,MIN(saleprice) AS minprice,
    <include refid="Join_Column_List" />
    FROM (ota_hotel ho  JOIN hotel h ON ho.hotelid=h.`id`)  JOIN ota_roomtype r   ON  ho.hotelid=r.`hotelid` 
    
     <if test="_parameter != null" >
      <include refid="Example_Where_Clause" />
    </if>
     GROUP BY ho.`hotelid`
  </select>
  
  <select id="selectAllHotel" resultMap="BaseResultMap">
  	SELECT 
  	 <include refid="Base_Column_List" />
  	FROM
  		hotel
  </select>
  
   <select id="queryHotelWithHotelids" resultType="com.fangbaba.basic.face.bean.HotelModel"  parameterType="java.util.List" >
    SELECT 
    <include refid="Join_Column_List" />
    FROM (ota_hotel ho  JOIN hotel h ON ho.hotelid=h.`id`) 

	    <where>  
	    h.id in  
	    <foreach item="ids" collection="hotelids"  separator="," open="(" close=")" index="">  
	      #{ids}  
	    </foreach>  
	  </where> 
     GROUP BY ho.`hotelid`
  </select>
  <select id="queryHotelPriceWithHotelids" resultType="com.fangbaba.basic.face.bean.HotelModel"  parameterType="java.util.List" >
    SELECT MAX(saleprice) AS maxprice,MIN(saleprice) AS minprice,
    <include refid="Join_Column_List" />
    FROM (ota_hotel ho  JOIN hotel h ON ho.hotelid=h.`id`)  JOIN ota_roomtype r   ON  ho.hotelid=r.`hotelid` 

	    <where>  
	    h.id in  
	    <foreach item="ids" collection="hotelids"  separator="," open="(" close=")" index="">  
	      #{ids}  
	    </foreach>  
	  </where> 
     GROUP BY ho.`hotelid`
  </select>
   <select id="getPrice" resultType="com.fangbaba.basic.face.bean.HotelModel"  parameterType="com.fangbaba.basic.po.HotelModelExample" >
    SELECT MAX(saleprice) AS maxprice,MIN(saleprice) AS minprice,
    <include refid="Join_Column_List" />
     FROM hotel h  JOIN  ota_roomtype r ON h.`id`=r.`hotelid` 
     where r.`hotelid`=#{id,jdbcType=BIGINT}
     GROUP BY h.`id`
  </select>
  <select id="selectByExample" resultMap="BaseResultMap" parameterType="com.fangbaba.basic.po.HotelModelExample" >
    select
    <if test="distinct" >
      distinct
    </if>
    <include refid="Base_Column_List" />
    from hotel
    <if test="_parameter != null" >
      <include refid="Example_Where_Clause" />
    </if>
    <if test="orderByClause != null" >
      order by ${orderByClause}
    </if>
    <if test="limitStart != null and limitStart >=0" >
      limit ${limitStart} , ${limitEnd}
    </if>
  </select>
  <select id="selectByExampleByPage" resultMap="BaseResultMap" parameterType="java.util.Map">
    select
    <include refid="Join_Column_List" />
    from hotel h 
    <if test="hotelModel.channelid != null" >
      join hotel_channel_setting cs on cs.state=1 and h.id = cs.hotelid and cs.channelid = #{hotelModel.channelid}
    </if>
    where h.id not in (select hotelid from ota_hotel where otatype=#{hotelModel.otatype})
	  and h.isvisible = 'T'
    <if test="hotelModel.provcode != null" >
      and h.provcode=#{hotelModel.provcode} 
    </if>
    <if test="hotelModel.citycode != null" >
      and h.citycode=#{hotelModel.citycode} 
    </if>
    <if test="hotelModel.hoteltype != null" >
      and h.hoteltype=#{hotelModel.hoteltype} 
    </if>
    <if test="hotelModel.hotelname != null" >
      and h.hotelname LIKE CONCAT('%',#{hotelModel.hotelname},'%') 
    </if>
    <if test="tagids != null and tagids.size() > 0">
		<foreach item="_tagids" collection="tagids" index="">  
		    and exists (select id from hoteltags t where h.id = t.hotelid and t.tagid in 
		      <foreach item="tagid" collection="_tagids"  separator="," open="(" close=")" index="">  
		      #{tagid}
		    </foreach>
		    )
		</foreach>
    </if>
    
    limit ${limitstart},${limitend}
  </select>
  <select id="countByExampleByPage" resultType="java.lang.Integer" parameterType="java.util.Map">
    select
    count(1)
    from hotel h
    <if test="hotelModel.channelid != null" >
      join hotel_channel_setting cs on cs.state=1 and h.id = cs.hotelid and cs.channelid = #{hotelModel.channelid}
    </if>
	 where h.id not in (select hotelid from ota_hotel where otatype=#{hotelModel.otatype})
	  and h.isvisible = 'T'
    <if test="hotelModel.provcode != null" >
      and provcode=#{hotelModel.provcode} 
    </if>
    <if test="hotelModel.citycode != null" >
      and h.citycode=#{hotelModel.citycode} 
    </if>
    <if test="hotelModel.hoteltype != null" >
      and h.hoteltype=#{hotelModel.hoteltype} 
    </if>
    <if test="hotelModel.hotelname != null" >
      and h.hotelname LIKE CONCAT('%',#{hotelModel.hotelname},'%') 
    </if>
    <if test="tagids != null and tagids.size() > 0">
		<foreach item="_tagids" collection="tagids" index="">  
			and exists (select id from hoteltags t where h.id = t.hotelid and t.tagid in 
		      <foreach item="tagid" collection="_tagids"  separator="," open="(" close=")" index="">  
		      #{tagid}
		    </foreach>
		    )
		</foreach>
    </if>
  </select>
  <select id="selectByPrimaryKey" resultMap="ResultMapWithBLOBs" parameterType="java.lang.Long" >
    select 
    <include refid="Join_Column_List" />
    ,
    <include refid="Blob_Column_List" />
    ,
    d.NAME AS districtname,
    p.`name` AS provincename,
    c.`name` AS cityname
    from hotel h
        LEFT JOIN district d ON d.`code` = h.discode
        LEFT JOIN province p ON p.`code` = h.provcode
        LEFT JOIN city c ON c.`code` = h.citycode
    where h.id = #{id,jdbcType=BIGINT}
  </select>
  <delete id="deleteByPrimaryKey" parameterType="java.lang.Long" >
    delete from hotel
    where id = #{id,jdbcType=BIGINT}
  </delete>
  <delete id="deleteByExample" parameterType="com.fangbaba.basic.po.HotelModelExample" >
    delete from hotel
    <if test="_parameter != null" >
      <include refid="Example_Where_Clause" />
    </if>
  </delete>
  <insert id="insert" parameterType="com.fangbaba.basic.face.bean.HotelModel" >
    insert into hotel (id, hotelname, hotelcontactname, 
      regtime, detailaddr, longitude, 
      latitude, opentime, repairtime, 
      roomnum, businesslicensefront, businesslicenseback, 
      hotelpms, isvisible, isonline, 
      idcardfront, idcardback, retentiontime, 
      defaultleavetime, hotelphone, hoteltype, 
      discode, qtphone, citycode, 
      provcode, pmstype, isonlinetime, 
      hotelfax, state, introduction, psbcode, psbname, isselfbuildhotel, hotelchannelsource
      )
    values (#{id,jdbcType=BIGINT}, #{hotelname,jdbcType=VARCHAR}, #{hotelcontactname,jdbcType=VARCHAR}, 
      #{regtime,jdbcType=TIMESTAMP}, #{detailaddr,jdbcType=VARCHAR}, #{longitude,jdbcType=DECIMAL}, 
      #{latitude,jdbcType=DECIMAL}, #{opentime,jdbcType=TIMESTAMP}, #{repairtime,jdbcType=TIMESTAMP}, 
      #{roomnum,jdbcType=INTEGER}, #{businesslicensefront,jdbcType=VARCHAR}, #{businesslicenseback,jdbcType=VARCHAR}, 
      #{hotelpms,jdbcType=VARCHAR}, #{isvisible,jdbcType=CHAR}, #{isonline,jdbcType=CHAR}, 
      #{idcardfront,jdbcType=VARCHAR}, #{idcardback,jdbcType=VARCHAR}, #{retentiontime,jdbcType=CHAR}, 
      #{defaultleavetime,jdbcType=CHAR}, #{hotelphone,jdbcType=VARCHAR}, #{hoteltype,jdbcType=INTEGER}, 
      #{discode,jdbcType=INTEGER}, #{qtphone,jdbcType=VARCHAR}, #{citycode,jdbcType=INTEGER}, 
      #{provcode,jdbcType=INTEGER}, #{pmstype,jdbcType=VARCHAR}, #{isonlinetime,jdbcType=TIMESTAMP}, 
      #{hotelfax,jdbcType=VARCHAR}, #{state,jdbcType=INTEGER}, #{introduction,jdbcType=LONGVARCHAR},
      #{psbcode,jdbcType=VARCHAR} ,#{psbname,jdbcType=VARCHAR} ,#{isselfbuildhotel,jdbcType=VARCHAR}
      ,#{hotelchannelsource,jdbcType=VARCHAR}
      )
  </insert>
  <insert id="insertSelective" parameterType="com.fangbaba.basic.face.bean.HotelModel" >
    insert into hotel
    <trim prefix="(" suffix=")" suffixOverrides="," >
      <if test="id != null" >
        id,
      </if>
      <if test="hotelname != null" >
        hotelname,
      </if>
      <if test="hotelcontactname != null" >
        hotelcontactname,
      </if>
      <if test="regtime != null" >
        regtime,
      </if>
      <if test="detailaddr != null" >
        detailaddr,
      </if>
      <if test="longitude != null" >
        longitude,
      </if>
      <if test="latitude != null" >
        latitude,
      </if>
      <if test="opentime != null" >
        opentime,
      </if>
      <if test="repairtime != null" >
        repairtime,
      </if>
      <if test="roomnum != null" >
        roomnum,
      </if>
      <if test="businesslicensefront != null" >
        businesslicensefront,
      </if>
      <if test="businesslicenseback != null" >
        businesslicenseback,
      </if>
      <if test="hotelpms != null" >
        hotelpms,
      </if>
      <if test="isvisible != null" >
        isvisible,
      </if>
      <if test="isonline != null" >
        isonline,
      </if>
      <if test="idcardfront != null" >
        idcardfront,
      </if>
      <if test="idcardback != null" >
        idcardback,
      </if>
      <if test="retentiontime != null" >
        retentiontime,
      </if>
      <if test="defaultleavetime != null" >
        defaultleavetime,
      </if>
      <if test="hotelphone != null" >
        hotelphone,
      </if>
      <if test="hoteltype != null" >
        hoteltype,
      </if>
      <if test="discode != null" >
        discode,
      </if>
      <if test="qtphone != null" >
        qtphone,
      </if>
      <if test="citycode != null" >
        citycode,
      </if>
      <if test="provcode != null" >
        provcode,
      </if>
      <if test="pmstype != null" >
        pmstype,
      </if>
      <if test="isonlinetime != null" >
        isonlinetime,
      </if>
      <if test="hotelfax != null" >
        hotelfax,
      </if>
      <if test="state != null" >
        state,
      </if>
      <if test="introduction != null" >
        introduction,
      </if>
      <if test="psbcode != null" >
        psbcode,
      </if>
      <if test="psbname != null" >
        psbname,
      </if>
      <if test="isselfbuildhotel != null" >
        isselfbuildhotel,
      </if>
      <if test="hotelchannelsource != null" >
        hotelchannelsource,
      </if>
    </trim>
    <trim prefix="values (" suffix=")" suffixOverrides="," >
      <if test="id != null" >
        #{id,jdbcType=BIGINT},
      </if>
      <if test="hotelname != null" >
        #{hotelname,jdbcType=VARCHAR},
      </if>
      <if test="hotelcontactname != null" >
        #{hotelcontactname,jdbcType=VARCHAR},
      </if>
      <if test="regtime != null" >
        #{regtime,jdbcType=TIMESTAMP},
      </if>
      <if test="detailaddr != null" >
        #{detailaddr,jdbcType=VARCHAR},
      </if>
      <if test="longitude != null" >
        #{longitude,jdbcType=DECIMAL},
      </if>
      <if test="latitude != null" >
        #{latitude,jdbcType=DECIMAL},
      </if>
      <if test="opentime != null" >
        #{opentime,jdbcType=TIMESTAMP},
      </if>
      <if test="repairtime != null" >
        #{repairtime,jdbcType=TIMESTAMP},
      </if>
      <if test="roomnum != null" >
        #{roomnum,jdbcType=INTEGER},
      </if>
      <if test="businesslicensefront != null" >
        #{businesslicensefront,jdbcType=VARCHAR},
      </if>
      <if test="businesslicenseback != null" >
        #{businesslicenseback,jdbcType=VARCHAR},
      </if>
      <if test="hotelpms != null" >
        #{hotelpms,jdbcType=VARCHAR},
      </if>
      <if test="isvisible != null" >
        #{isvisible,jdbcType=CHAR},
      </if>
      <if test="isonline != null" >
        #{isonline,jdbcType=CHAR},
      </if>
      <if test="idcardfront != null" >
        #{idcardfront,jdbcType=VARCHAR},
      </if>
      <if test="idcardback != null" >
        #{idcardback,jdbcType=VARCHAR},
      </if>
      <if test="retentiontime != null" >
        #{retentiontime,jdbcType=CHAR},
      </if>
      <if test="defaultleavetime != null" >
        #{defaultleavetime,jdbcType=CHAR},
      </if>
      <if test="hotelphone != null" >
        #{hotelphone,jdbcType=VARCHAR},
      </if>
      <if test="hoteltype != null" >
        #{hoteltype,jdbcType=INTEGER},
      </if>
      <if test="discode != null" >
        #{discode,jdbcType=INTEGER},
      </if>
      <if test="qtphone != null" >
        #{qtphone,jdbcType=VARCHAR},
      </if>
      <if test="citycode != null" >
        #{citycode,jdbcType=INTEGER},
      </if>
      <if test="provcode != null" >
        #{provcode,jdbcType=INTEGER},
      </if>
      <if test="pmstype != null" >
        #{pmstype,jdbcType=VARCHAR},
      </if>
      <if test="isonlinetime != null" >
        #{isonlinetime,jdbcType=TIMESTAMP},
      </if>
      <if test="hotelfax != null" >
        #{hotelfax,jdbcType=VARCHAR},
      </if>
      <if test="state != null" >
        #{state,jdbcType=INTEGER},
      </if>
      <if test="introduction != null" >
        #{introduction,jdbcType=LONGVARCHAR},
      </if>
      <if test="psbcode != null" >
        #{psbcode,jdbcType=VARCHAR},
      </if>
      <if test="psbname != null" >
        #{psbname,jdbcType=VARCHAR},
      </if>
      <if test="isselfbuildhotel != null" >
        #{isselfbuildhotel,jdbcType=VARCHAR},
      </if>
      <if test="hotelchannelsource != null" >
        #{hotelchannelsource,jdbcType=VARCHAR},
      </if>
    </trim>
  </insert>
  <select id="countByExample" parameterType="com.fangbaba.basic.po.HotelModelExample" resultType="java.lang.Integer" >
    select count(*) from hotel
    <if test="_parameter != null" >
      <include refid="Example_Where_Clause" />
    </if>
  </select>
  <update id="updateByExampleSelective" parameterType="map" >
    update hotel
    <include refid="set_record_update_fields" />
    <if test="_parameter != null" >
      <include refid="Update_By_Example_Where_Clause" />
    </if>
  </update>
  <update id="updateByExampleWithBLOBs" parameterType="map" >
    update hotel
    <include refid="set_record_update_fields" />
    <if test="_parameter != null" >
      <include refid="Update_By_Example_Where_Clause" />
    </if>
  </update>
  <update id="updateByExample" parameterType="map" >
    update hotel
    <include refid="set_record_update_fields" />
    <if test="_parameter != null" >
      <include refid="Update_By_Example_Where_Clause" />
    </if>
  </update>
  <update id="updateByPrimaryKeySelective" parameterType="com.fangbaba.basic.face.bean.HotelModel" >
    update hotel
    <include refid="set_update_fields" />
    where id = #{id,jdbcType=BIGINT}
  </update>
  <update id="updateByPrimaryKeyWithBLOBs" parameterType="com.fangbaba.basic.face.bean.HotelModel" >
    update hotel
    <include refid="set_update_fields" />
    where id = #{id,jdbcType=BIGINT}
  </update>
  <update id="updateByPrimaryKey" parameterType="com.fangbaba.basic.face.bean.HotelModel" >
    update hotel
    <include refid="set_update_fields" />
    where id = #{id,jdbcType=BIGINT}
  </update>
  <!-- 根据pmsId修改 -->
 <update id="updateByPmsId" parameterType="com.fangbaba.basic.face.bean.HotelModel" >
    update hotel
    <include refid="set_update_fields" />
    where  hotelpms = #{hotelpms,jdbcType=VARCHAR}
  </update>
  <!-- 根据酒店pms查询酒店 -->
  <select id="selectHotelByHotelPms" resultMap="ResultMapWithBLOBs" parameterType="java.lang.String" >
    select 
    <include refid="Base_Column_List" />
    ,
    <include refid="Blob_Column_List" />
    from hotel
    where hotelpms = #{hotelpms,jdbcType=BIGINT}
  </select>
</mapper>