<?xml version="1.0" encoding="UTF-8" ?>
<!DOCTYPE mapper PUBLIC "-//mybatis.org//DTD Mapper 3.0//EN" "http://mybatis.org/dtd/mybatis-3-mapper.dtd" >
<mapper namespace="com.fangbaba.basic.mappers.HotelExtensionMapper" >
  <resultMap id="BaseResultMap" type="com.fangbaba.basic.face.bean.HotelExtension" >
    <id column="id" property="id" jdbcType="BIGINT" />
    <result column="hotelid" property="hotelid" jdbcType="BIGINT" />
  </resultMap>
  <resultMap id="ResultMapWithBLOBs" type="com.fangbaba.basic.face.bean.HotelExtension" extends="BaseResultMap" >
    <result column="hotelpic" property="hotelpic" jdbcType="LONGVARCHAR" />
  </resultMap>
  <sql id="Example_Where_Clause" >
    <where >
      <foreach collection="oredCriteria" item="criteria" separator="or" >
        <if test="criteria.valid" >
          <trim prefix="(" suffix=")" prefixOverrides="and" >
            <foreach collection="criteria.criteria" item="criterion" >
              <choose >
                <when test="criterion.noValue" >
                  and ${criterion.condition}
                </when>
                <when test="criterion.singleValue" >
                  and ${criterion.condition} #{criterion.value}
                </when>
                <when test="criterion.betweenValue" >
                  and ${criterion.condition} #{criterion.value} and #{criterion.secondValue}
                </when>
                <when test="criterion.listValue" >
                  and ${criterion.condition}
                  <foreach collection="criterion.value" item="listItem" open="(" close=")" separator="," >
                    #{listItem}
                  </foreach>
                </when>
              </choose>
            </foreach>
          </trim>
        </if>
      </foreach>
    </where>
  </sql>
  <sql id="Update_By_Example_Where_Clause" >
    <where >
      <foreach collection="example.oredCriteria" item="criteria" separator="or" >
        <if test="criteria.valid" >
          <trim prefix="(" suffix=")" prefixOverrides="and" >
            <foreach collection="criteria.criteria" item="criterion" >
              <choose >
                <when test="criterion.noValue" >
                  and ${criterion.condition}
                </when>
                <when test="criterion.singleValue" >
                  and ${criterion.condition} #{criterion.value}
                </when>
                <when test="criterion.betweenValue" >
                  and ${criterion.condition} #{criterion.value} and #{criterion.secondValue}
                </when>
                <when test="criterion.listValue" >
                  and ${criterion.condition}
                  <foreach collection="criterion.value" item="listItem" open="(" close=")" separator="," >
                    #{listItem}
                  </foreach>
                </when>
              </choose>
            </foreach>
          </trim>
        </if>
      </foreach>
    </where>
  </sql>
  <sql id="Base_Column_List" >
    id, hotelid
  </sql>
  <sql id="Blob_Column_List" >
    hotelpic
  </sql>
  <select id="selectByExampleWithBLOBs" resultMap="ResultMapWithBLOBs" parameterType="com.fangbaba.basic.po.HotelExtensionExample" >
    select
    <if test="distinct" >
      distinct
    </if>
    <include refid="Base_Column_List" />
    ,
    <include refid="Blob_Column_List" />
    from hotel_extension
    <if test="_parameter != null" >
      <include refid="Example_Where_Clause" />
    </if>
    <if test="orderByClause != null" >
      order by ${orderByClause}
    </if>
  </select>
  <select id="selectByExample" resultMap="BaseResultMap" parameterType="com.fangbaba.basic.po.HotelExtensionExample" >
    select
    <if test="distinct" >
      distinct
    </if>
    <include refid="Base_Column_List" />
    from hotel_extension
    <if test="_parameter != null" >
      <include refid="Example_Where_Clause" />
    </if>
    <if test="orderByClause != null" >
      order by ${orderByClause}
    </if>
    <if test="limitStart != null and limitStart >=0" >
      limit ${limitStart} , ${limitEnd}
    </if>
  </select>
  <select id="selectByPrimaryKey" resultMap="ResultMapWithBLOBs" parameterType="java.lang.Long" >
    select 
    <include refid="Base_Column_List" />
    ,
    <include refid="Blob_Column_List" />
    from hotel_extension
    where id = #{id,jdbcType=BIGINT}
  </select>
  <delete id="deleteByPrimaryKey" parameterType="java.lang.Long" >
    delete from hotel_extension
    where id = #{id,jdbcType=BIGINT}
  </delete>
  <delete id="deleteByExample" parameterType="com.fangbaba.basic.po.HotelExtensionExample" >
    delete from hotel_extension
    <if test="_parameter != null" >
      <include refid="Example_Where_Clause" />
    </if>
  </delete>
  <insert id="insert" parameterType="com.fangbaba.basic.face.bean.HotelExtension" >
    insert into hotel_extension (id, hotelid, hotelpic
      )
    values (#{id,jdbcType=BIGINT}, #{hotelid,jdbcType=BIGINT}, #{hotelpic,jdbcType=LONGVARCHAR}
      )
  </insert>
  <insert id="insertSelective" parameterType="com.fangbaba.basic.face.bean.HotelExtension" >
    insert into hotel_extension
    <trim prefix="(" suffix=")" suffixOverrides="," >
      <if test="id != null" >
        id,
      </if>
      <if test="hotelid != null" >
        hotelid,
      </if>
      <if test="hotelpic != null" >
        hotelpic,
      </if>
    </trim>
    <trim prefix="values (" suffix=")" suffixOverrides="," >
      <if test="id != null" >
        #{id,jdbcType=BIGINT},
      </if>
      <if test="hotelid != null" >
        #{hotelid,jdbcType=BIGINT},
      </if>
      <if test="hotelpic != null" >
        #{hotelpic,jdbcType=LONGVARCHAR},
      </if>
    </trim>
  </insert>
  <select id="countByExample" parameterType="com.fangbaba.basic.po.HotelExtensionExample" resultType="java.lang.Integer" >
    select count(*) from hotel_extension
    <if test="_parameter != null" >
      <include refid="Example_Where_Clause" />
    </if>
  </select>
  <update id="updateByExampleSelective" parameterType="map" >
    update hotel_extension
    <set >
      <if test="record.id != null" >
        id = #{record.id,jdbcType=BIGINT},
      </if>
      <if test="record.hotelid != null" >
        hotelid = #{record.hotelid,jdbcType=BIGINT},
      </if>
      <if test="record.hotelpic != null" >
        hotelpic = #{record.hotelpic,jdbcType=LONGVARCHAR},
      </if>
    </set>
    <if test="_parameter != null" >
      <include refid="Update_By_Example_Where_Clause" />
    </if>
  </update>
  <update id="updateByExampleWithBLOBs" parameterType="map" >
    update hotel_extension
    set id = #{record.id,jdbcType=BIGINT},
      hotelid = #{record.hotelid,jdbcType=BIGINT},
      hotelpic = #{record.hotelpic,jdbcType=LONGVARCHAR}
    <if test="_parameter != null" >
      <include refid="Update_By_Example_Where_Clause" />
    </if>
  </update>
  <update id="updateByExample" parameterType="map" >
    update hotel_extension
    set id = #{record.id,jdbcType=BIGINT},
      hotelid = #{record.hotelid,jdbcType=BIGINT}
    <if test="_parameter != null" >
      <include refid="Update_By_Example_Where_Clause" />
    </if>
  </update>
  <update id="updateByPrimaryKeySelective" parameterType="com.fangbaba.basic.face.bean.HotelExtension" >
    update hotel_extension
    <set >
      <if test="hotelid != null" >
        hotelid = #{hotelid,jdbcType=BIGINT},
      </if>
      <if test="hotelpic != null" >
        hotelpic = #{hotelpic,jdbcType=LONGVARCHAR},
      </if>
    </set>
    where id = #{id,jdbcType=BIGINT}
  </update>
  <update id="updateByPrimaryKeyWithBLOBs" parameterType="com.fangbaba.basic.face.bean.HotelExtension" >
    update hotel_extension
    set hotelid = #{hotelid,jdbcType=BIGINT},
      hotelpic = #{hotelpic,jdbcType=LONGVARCHAR}
    where id = #{id,jdbcType=BIGINT}
  </update>
  <update id="updateByPrimaryKey" parameterType="com.fangbaba.basic.face.bean.HotelExtension" >
    update hotel_extension
    set hotelid = #{hotelid,jdbcType=BIGINT}
    where id = #{id,jdbcType=BIGINT}
  </update>
  <!-- 根据PMSID插入-->
  <insert id="insertByHotelpms" parameterType="map" >
	  insert into hotel_extension ( hotelid, hotelpic) VALUES(
	(select id from hotel where hotelpms=#{hotelpms,jdbcType=VARCHAR})
	,#{hotelpic,jdbcType=LONGVARCHAR})
  </insert>
  <!-- 根据pmsId删除 -->
  <delete id="deleteByHotelpms" parameterType="java.lang.String">
  DELETE
	FROM
		hotel_extension
	WHERE
	id in (
		SELECT
			cc.id
		FROM
			(
				SELECT
					he.id
				FROM
					hotel_extension he
				LEFT JOIN hotel ON hotel.id = he.hotelid
				WHERE
					hotelpms = #{hotelpms,jdbcType=VARCHAR}
			) cc
	)
  </delete>
</mapper>