<?xml version="1.0" encoding="UTF-8" ?>
<!DOCTYPE mapper PUBLIC "-//mybatis.org//DTD Mapper 3.0//EN" "http://mybatis.org/dtd/mybatis-3-mapper.dtd" >
<mapper namespace="com.fangbaba.basic.mappers.HotelBusinessMapper" >
  <resultMap id="BaseResultMap" type="com.fangbaba.basic.face.bean.HotelBusiness" >
    <id column="id" property="id" jdbcType="BIGINT" />
    <result column="hotelid" property="hotelid" jdbcType="BIGINT" />
    <result column="hotelpms" property="hotelpms" jdbcType="VARCHAR" />
    <result column="purchasing" property="purchasing" jdbcType="INTEGER" />
    <result column="distribution" property="distribution" jdbcType="INTEGER" />
    <result column="washing" property="washing" jdbcType="INTEGER" />
    <result column="washingmode" property="washingmode" jdbcType="VARCHAR" />
    <result column="distribution_createtime" property="distributionCreatetime" jdbcType="TIMESTAMP" />
    <result column="washing_createtime" property="washingCreatetime" jdbcType="TIMESTAMP" />
    <result column="purchasing_createtime" property="purchasingCreatetime" jdbcType="TIMESTAMP" />
  </resultMap>
  <sql id="Example_Where_Clause" >
    <where >
      <foreach collection="oredCriteria" item="criteria" separator="or" >
        <if test="criteria.valid" >
          <trim prefix="(" suffix=")" prefixOverrides="and" >
            <foreach collection="criteria.criteria" item="criterion" >
              <choose >
                <when test="criterion.noValue" >
                  and ${criterion.condition}
                </when>
                <when test="criterion.singleValue" >
                  and ${criterion.condition} #{criterion.value}
                </when>
                <when test="criterion.betweenValue" >
                  and ${criterion.condition} #{criterion.value} and #{criterion.secondValue}
                </when>
                <when test="criterion.listValue" >
                  and ${criterion.condition}
                  <foreach collection="criterion.value" item="listItem" open="(" close=")" separator="," >
                    #{listItem}
                  </foreach>
                </when>
              </choose>
            </foreach>
          </trim>
        </if>
      </foreach>
    </where>
  </sql>
  <sql id="Update_By_Example_Where_Clause" >
    <where >
      <foreach collection="example.oredCriteria" item="criteria" separator="or" >
        <if test="criteria.valid" >
          <trim prefix="(" suffix=")" prefixOverrides="and" >
            <foreach collection="criteria.criteria" item="criterion" >
              <choose >
                <when test="criterion.noValue" >
                  and ${criterion.condition}
                </when>
                <when test="criterion.singleValue" >
                  and ${criterion.condition} #{criterion.value}
                </when>
                <when test="criterion.betweenValue" >
                  and ${criterion.condition} #{criterion.value} and #{criterion.secondValue}
                </when>
                <when test="criterion.listValue" >
                  and ${criterion.condition}
                  <foreach collection="criterion.value" item="listItem" open="(" close=")" separator="," >
                    #{listItem}
                  </foreach>
                </when>
              </choose>
            </foreach>
          </trim>
        </if>
      </foreach>
    </where>
  </sql>
  <sql id="Base_Column_List" >
    id, hotelid, hotelpms, purchasing, distribution, washing, washingmode, distribution_createtime, 
    washing_createtime, purchasing_createtime
  </sql>
  <select id="selectByExample" resultMap="BaseResultMap" parameterType="com.fangbaba.basic.face.bean.HotelBusinessExample" >
    select
    <if test="distinct" >
      distinct
    </if>
    <include refid="Base_Column_List" />
    from hotel_business
    <if test="_parameter != null" >
      <include refid="Example_Where_Clause" />
    </if>
    <if test="orderByClause != null" >
      order by ${orderByClause}
    </if>
    <if test="limitStart != null and limitStart >=0" >
      limit ${limitStart} , ${limitEnd}
    </if>
  </select>
  <select id="selectByPrimaryKey" resultMap="BaseResultMap" parameterType="java.lang.Long" >
    select 
    <include refid="Base_Column_List" />
    from hotel_business
    where id = #{id,jdbcType=BIGINT}
  </select>
  <delete id="deleteByPrimaryKey" parameterType="java.lang.Long" >
    delete from hotel_business
    where id = #{id,jdbcType=BIGINT}
  </delete>
  <delete id="deleteByExample" parameterType="com.fangbaba.basic.face.bean.HotelBusinessExample" >
    delete from hotel_business
    <if test="_parameter != null" >
      <include refid="Example_Where_Clause" />
    </if>
  </delete>
  <insert id="insert" parameterType="com.fangbaba.basic.face.bean.HotelBusiness" >
    insert into hotel_business (id, hotelid, hotelpms, 
      purchasing, distribution, washing, 
      washingmode, distribution_createtime, 
      washing_createtime, purchasing_createtime
      )
    values (#{id,jdbcType=BIGINT}, #{hotelid,jdbcType=BIGINT}, #{hotelpms,jdbcType=VARCHAR}, 
      #{purchasing,jdbcType=INTEGER}, #{distribution,jdbcType=INTEGER}, #{washing,jdbcType=INTEGER}, 
      #{washingmode,jdbcType=VARCHAR}, #{distributionCreatetime,jdbcType=TIMESTAMP}, 
      #{washingCreatetime,jdbcType=TIMESTAMP}, #{purchasingCreatetime,jdbcType=TIMESTAMP}
      )
  </insert>
  <insert id="insertSelective" parameterType="com.fangbaba.basic.face.bean.HotelBusiness" >
    insert into hotel_business
    <trim prefix="(" suffix=")" suffixOverrides="," >
      <if test="id != null" >
        id,
      </if>
      <if test="hotelid != null" >
        hotelid,
      </if>
      <if test="hotelpms != null" >
        hotelpms,
      </if>
      <if test="purchasing != null" >
        purchasing,
      </if>
      <if test="distribution != null" >
        distribution,
      </if>
      <if test="washing != null" >
        washing,
      </if>
      <if test="washingmode != null" >
        washingmode,
      </if>
      <if test="distributionCreatetime != null" >
        distribution_createtime,
      </if>
      <if test="washingCreatetime != null" >
        washing_createtime,
      </if>
      <if test="purchasingCreatetime != null" >
        purchasing_createtime,
      </if>
    </trim>
    <trim prefix="values (" suffix=")" suffixOverrides="," >
      <if test="id != null" >
        #{id,jdbcType=BIGINT},
      </if>
      <if test="hotelid != null" >
        #{hotelid,jdbcType=BIGINT},
      </if>
      <if test="hotelpms != null" >
        #{hotelpms,jdbcType=VARCHAR},
      </if>
      <if test="purchasing != null" >
        #{purchasing,jdbcType=INTEGER},
      </if>
      <if test="distribution != null" >
        #{distribution,jdbcType=INTEGER},
      </if>
      <if test="washing != null" >
        #{washing,jdbcType=INTEGER},
      </if>
      <if test="washingmode != null" >
        #{washingmode,jdbcType=VARCHAR},
      </if>
      <if test="distributionCreatetime != null" >
        #{distributionCreatetime,jdbcType=TIMESTAMP},
      </if>
      <if test="washingCreatetime != null" >
        #{washingCreatetime,jdbcType=TIMESTAMP},
      </if>
      <if test="purchasingCreatetime != null" >
        #{purchasingCreatetime,jdbcType=TIMESTAMP},
      </if>
    </trim>
  </insert>
  <select id="countByExample" parameterType="com.fangbaba.basic.face.bean.HotelBusinessExample" resultType="java.lang.Integer" >
    select count(*) from hotel_business
    <if test="_parameter != null" >
      <include refid="Example_Where_Clause" />
    </if>
  </select>
  <update id="updateByExampleSelective" parameterType="map" >
    update hotel_business
    <set >
      <if test="record.id != null" >
        id = #{record.id,jdbcType=BIGINT},
      </if>
      <if test="record.hotelid != null" >
        hotelid = #{record.hotelid,jdbcType=BIGINT},
      </if>
      <if test="record.hotelpms != null" >
        hotelpms = #{record.hotelpms,jdbcType=VARCHAR},
      </if>
      <if test="record.purchasing != null" >
        purchasing = #{record.purchasing,jdbcType=INTEGER},
      </if>
      <if test="record.distribution != null" >
        distribution = #{record.distribution,jdbcType=INTEGER},
      </if>
      <if test="record.washing != null" >
        washing = #{record.washing,jdbcType=INTEGER},
      </if>
      <if test="record.washingmode != null" >
        washingmode = #{record.washingmode,jdbcType=VARCHAR},
      </if>
      <if test="record.distributionCreatetime != null" >
        distribution_createtime = #{record.distributionCreatetime,jdbcType=TIMESTAMP},
      </if>
      <if test="record.washingCreatetime != null" >
        washing_createtime = #{record.washingCreatetime,jdbcType=TIMESTAMP},
      </if>
      <if test="record.purchasingCreatetime != null" >
        purchasing_createtime = #{record.purchasingCreatetime,jdbcType=TIMESTAMP},
      </if>
    </set>
    <if test="_parameter != null" >
      <include refid="Update_By_Example_Where_Clause" />
    </if>
  </update>
  <update id="updateByExample" parameterType="map" >
    update hotel_business
    set id = #{record.id,jdbcType=BIGINT},
      hotelid = #{record.hotelid,jdbcType=BIGINT},
      hotelpms = #{record.hotelpms,jdbcType=VARCHAR},
      purchasing = #{record.purchasing,jdbcType=INTEGER},
      distribution = #{record.distribution,jdbcType=INTEGER},
      washing = #{record.washing,jdbcType=INTEGER},
      washingmode = #{record.washingmode,jdbcType=VARCHAR},
      distribution_createtime = #{record.distributionCreatetime,jdbcType=TIMESTAMP},
      washing_createtime = #{record.washingCreatetime,jdbcType=TIMESTAMP},
      purchasing_createtime = #{record.purchasingCreatetime,jdbcType=TIMESTAMP}
    <if test="_parameter != null" >
      <include refid="Update_By_Example_Where_Clause" />
    </if>
  </update>
  <update id="updateByPrimaryKeySelective" parameterType="com.fangbaba.basic.face.bean.HotelBusiness" >
    update hotel_business
    <set >
      <if test="hotelid != null" >
        hotelid = #{hotelid,jdbcType=BIGINT},
      </if>
      <if test="hotelpms != null" >
        hotelpms = #{hotelpms,jdbcType=VARCHAR},
      </if>
      <if test="purchasing != null" >
        purchasing = #{purchasing,jdbcType=INTEGER},
      </if>
      <if test="distribution != null" >
        distribution = #{distribution,jdbcType=INTEGER},
      </if>
      <if test="washing != null" >
        washing = #{washing,jdbcType=INTEGER},
      </if>
      <if test="washingmode != null" >
        washingmode = #{washingmode,jdbcType=VARCHAR},
      </if>
      <if test="distributionCreatetime != null" >
        distribution_createtime = #{distributionCreatetime,jdbcType=TIMESTAMP},
      </if>
      <if test="washingCreatetime != null" >
        washing_createtime = #{washingCreatetime,jdbcType=TIMESTAMP},
      </if>
      <if test="purchasingCreatetime != null" >
        purchasing_createtime = #{purchasingCreatetime,jdbcType=TIMESTAMP},
      </if>
    </set>
    where id = #{id,jdbcType=BIGINT}
  </update>
  <update id="updateByPrimaryKey" parameterType="com.fangbaba.basic.face.bean.HotelBusiness" >
    update hotel_business
    set hotelid = #{hotelid,jdbcType=BIGINT},
      hotelpms = #{hotelpms,jdbcType=VARCHAR},
      purchasing = #{purchasing,jdbcType=INTEGER},
      distribution = #{distribution,jdbcType=INTEGER},
      washing = #{washing,jdbcType=INTEGER},
      washingmode = #{washingmode,jdbcType=VARCHAR},
      distribution_createtime = #{distributionCreatetime,jdbcType=TIMESTAMP},
      washing_createtime = #{washingCreatetime,jdbcType=TIMESTAMP},
      purchasing_createtime = #{purchasingCreatetime,jdbcType=TIMESTAMP}
    where id = #{id,jdbcType=BIGINT}
  </update>
</mapper>