<?xml version="1.0" encoding="UTF-8" ?>
<!DOCTYPE mapper PUBLIC "-//mybatis.org//DTD Mapper 3.0//EN" "http://mybatis.org/dtd/mybatis-3-mapper.dtd" >
<mapper namespace="com.fangbaba.basic.mappers.ProvinceModelMapper" >
  <resultMap id="BaseResultMap" type="com.fangbaba.basic.face.bean.ProvinceModel" >
    <id column="id" property="id" jdbcType="BIGINT" />
    <result column="code" property="code" jdbcType="VARCHAR" />
    <result column="name" property="name" jdbcType="VARCHAR" />
    <result column="sort" property="sort" jdbcType="INTEGER" />
    <result column="remark" property="remark" jdbcType="VARCHAR" />
    <result column="latitude" property="latitude" jdbcType="DECIMAL" />
    <result column="longitude" property="longitude" jdbcType="DECIMAL" />
  </resultMap>
  <sql id="Example_Where_Clause" >
    <where >
      <foreach collection="oredCriteria" item="criteria" separator="or" >
        <if test="criteria.valid" >
          <trim prefix="(" suffix=")" prefixOverrides="and" >
            <foreach collection="criteria.criteria" item="criterion" >
              <choose >
                <when test="criterion.noValue" >
                  and ${criterion.condition}
                </when>
                <when test="criterion.singleValue" >
                  and ${criterion.condition} #{criterion.value}
                </when>
                <when test="criterion.betweenValue" >
                  and ${criterion.condition} #{criterion.value} and #{criterion.secondValue}
                </when>
                <when test="criterion.listValue" >
                  and ${criterion.condition}
                  <foreach collection="criterion.value" item="listItem" open="(" close=")" separator="," >
                    #{listItem}
                  </foreach>
                </when>
              </choose>
            </foreach>
          </trim>
        </if>
      </foreach>
    </where>
  </sql>
  <sql id="Update_By_Example_Where_Clause" >
    <where >
      <foreach collection="example.oredCriteria" item="criteria" separator="or" >
        <if test="criteria.valid" >
          <trim prefix="(" suffix=")" prefixOverrides="and" >
            <foreach collection="criteria.criteria" item="criterion" >
              <choose >
                <when test="criterion.noValue" >
                  and ${criterion.condition}
                </when>
                <when test="criterion.singleValue" >
                  and ${criterion.condition} #{criterion.value}
                </when>
                <when test="criterion.betweenValue" >
                  and ${criterion.condition} #{criterion.value} and #{criterion.secondValue}
                </when>
                <when test="criterion.listValue" >
                  and ${criterion.condition}
                  <foreach collection="criterion.value" item="listItem" open="(" close=")" separator="," >
                    #{listItem}
                  </foreach>
                </when>
              </choose>
            </foreach>
          </trim>
        </if>
      </foreach>
    </where>
  </sql>
  <sql id="Base_Column_List" >
    id, code, name, sort, remark, latitude, longitude
  </sql>
  <select id="selectByExample" resultMap="BaseResultMap" parameterType="com.fangbaba.basic.po.ProvinceModelExample" >
    select
    <if test="distinct" >
      distinct
    </if>
    <include refid="Base_Column_List" />
    from province
    <if test="_parameter != null" >
      <include refid="Example_Where_Clause" />
    </if>
    <if test="orderByClause != null" >
      order by ${orderByClause}
    </if>
  </select>
  <select id="selectByPrimaryKey" resultMap="BaseResultMap" parameterType="java.lang.Long" >
    select 
    <include refid="Base_Column_List" />
    from province
    where id = #{id,jdbcType=BIGINT}
  </select>
  <delete id="deleteByPrimaryKey" parameterType="java.lang.Long" >
    delete from province
    where id = #{id,jdbcType=BIGINT}
  </delete>
  <delete id="deleteByExample" parameterType="com.fangbaba.basic.po.ProvinceModelExample" >
    delete from province
    <if test="_parameter != null" >
      <include refid="Example_Where_Clause" />
    </if>
  </delete>
  <insert id="insert" parameterType="com.fangbaba.basic.face.bean.ProvinceModel" >
    insert into province (id, code, name, 
      sort, remark, latitude, 
      longitude)
    values (#{id,jdbcType=BIGINT}, #{code,jdbcType=VARCHAR}, #{name,jdbcType=VARCHAR}, 
      #{sort,jdbcType=INTEGER}, #{remark,jdbcType=VARCHAR}, #{latitude,jdbcType=DECIMAL}, 
      #{longitude,jdbcType=DECIMAL})
  </insert>
  <insert id="insertSelective" parameterType="com.fangbaba.basic.face.bean.ProvinceModel" >
    insert into province
    <trim prefix="(" suffix=")" suffixOverrides="," >
      <if test="id != null" >
        id,
      </if>
      <if test="code != null" >
        code,
      </if>
      <if test="name != null" >
        name,
      </if>
      <if test="sort != null" >
        sort,
      </if>
      <if test="remark != null" >
        remark,
      </if>
      <if test="latitude != null" >
        latitude,
      </if>
      <if test="longitude != null" >
        longitude,
      </if>
    </trim>
    <trim prefix="values (" suffix=")" suffixOverrides="," >
      <if test="id != null" >
        #{id,jdbcType=BIGINT},
      </if>
      <if test="code != null" >
        #{code,jdbcType=VARCHAR},
      </if>
      <if test="name != null" >
        #{name,jdbcType=VARCHAR},
      </if>
      <if test="sort != null" >
        #{sort,jdbcType=INTEGER},
      </if>
      <if test="remark != null" >
        #{remark,jdbcType=VARCHAR},
      </if>
      <if test="latitude != null" >
        #{latitude,jdbcType=DECIMAL},
      </if>
      <if test="longitude != null" >
        #{longitude,jdbcType=DECIMAL},
      </if>
    </trim>
  </insert>
  <select id="countByExample" parameterType="com.fangbaba.basic.po.ProvinceModelExample" resultType="java.lang.Integer" >
    select count(*) from province
    <if test="_parameter != null" >
      <include refid="Example_Where_Clause" />
    </if>
  </select>
  <update id="updateByExampleSelective" parameterType="map" >
    update province
    <set >
      <if test="record.id != null" >
        id = #{record.id,jdbcType=BIGINT},
      </if>
      <if test="record.code != null" >
        code = #{record.code,jdbcType=VARCHAR},
      </if>
      <if test="record.name != null" >
        name = #{record.name,jdbcType=VARCHAR},
      </if>
      <if test="record.sort != null" >
        sort = #{record.sort,jdbcType=INTEGER},
      </if>
      <if test="record.remark != null" >
        remark = #{record.remark,jdbcType=VARCHAR},
      </if>
      <if test="record.latitude != null" >
        latitude = #{record.latitude,jdbcType=DECIMAL},
      </if>
      <if test="record.longitude != null" >
        longitude = #{record.longitude,jdbcType=DECIMAL},
      </if>
    </set>
    <if test="_parameter != null" >
      <include refid="Update_By_Example_Where_Clause" />
    </if>
  </update>
  <update id="updateByExample" parameterType="map" >
    update province
    set id = #{record.id,jdbcType=BIGINT},
      code = #{record.code,jdbcType=VARCHAR},
      name = #{record.name,jdbcType=VARCHAR},
      sort = #{record.sort,jdbcType=INTEGER},
      remark = #{record.remark,jdbcType=VARCHAR},
      latitude = #{record.latitude,jdbcType=DECIMAL},
      longitude = #{record.longitude,jdbcType=DECIMAL}
    <if test="_parameter != null" >
      <include refid="Update_By_Example_Where_Clause" />
    </if>
  </update>
  <update id="updateByPrimaryKeySelective" parameterType="com.fangbaba.basic.face.bean.ProvinceModel" >
    update province
    <set >
      <if test="code != null" >
        code = #{code,jdbcType=VARCHAR},
      </if>
      <if test="name != null" >
        name = #{name,jdbcType=VARCHAR},
      </if>
      <if test="sort != null" >
        sort = #{sort,jdbcType=INTEGER},
      </if>
      <if test="remark != null" >
        remark = #{remark,jdbcType=VARCHAR},
      </if>
      <if test="latitude != null" >
        latitude = #{latitude,jdbcType=DECIMAL},
      </if>
      <if test="longitude != null" >
        longitude = #{longitude,jdbcType=DECIMAL},
      </if>
    </set>
    where id = #{id,jdbcType=BIGINT}
  </update>
  <update id="updateByPrimaryKey" parameterType="com.fangbaba.basic.face.bean.ProvinceModel" >
    update province
    set code = #{code,jdbcType=VARCHAR},
      name = #{name,jdbcType=VARCHAR},
      sort = #{sort,jdbcType=INTEGER},
      remark = #{remark,jdbcType=VARCHAR},
      latitude = #{latitude,jdbcType=DECIMAL},
      longitude = #{longitude,jdbcType=DECIMAL}
    where id = #{id,jdbcType=BIGINT}
  </update>
</mapper>