<?xml version="1.0" encoding="UTF-8" ?>
<!DOCTYPE mapper PUBLIC "-//mybatis.org//DTD Mapper 3.0//EN" "http://mybatis.org/dtd/mybatis-3-mapper.dtd" >
<mapper namespace="com.fangbaba.basic.mappers.RackRateModelMapper" >
  <resultMap id="BaseResultMap" type="com.fangbaba.basic.face.bean.RackRateModel" >
    <id column="id" property="id" jdbcType="BIGINT" />
    <result column="hotelid" property="hotelid" jdbcType="BIGINT" />
    <result column="roomtypeid" property="roomtypeid" jdbcType="BIGINT" />
    <result column="price" property="price" jdbcType="DECIMAL" />
    <result column="createtime" property="createtime" jdbcType="TIMESTAMP" />
    <result column="createuser" property="createuser" jdbcType="VARCHAR" />
    <result column="updatetime" property="updatetime" jdbcType="TIMESTAMP" />
    <result column="updateuser" property="updateuser" jdbcType="VARCHAR" />
  </resultMap>
  <sql id="Example_Where_Clause" >
    <where >
      <foreach collection="oredCriteria" item="criteria" separator="or" >
        <if test="criteria.valid" >
          <trim prefix="(" suffix=")" prefixOverrides="and" >
            <foreach collection="criteria.criteria" item="criterion" >
              <choose >
                <when test="criterion.noValue" >
                  and ${criterion.condition}
                </when>
                <when test="criterion.singleValue" >
                  and ${criterion.condition} #{criterion.value}
                </when>
                <when test="criterion.betweenValue" >
                  and ${criterion.condition} #{criterion.value} and #{criterion.secondValue}
                </when>
                <when test="criterion.listValue" >
                  and ${criterion.condition}
                  <foreach collection="criterion.value" item="listItem" open="(" close=")" separator="," >
                    #{listItem}
                  </foreach>
                </when>
              </choose>
            </foreach>
          </trim>
        </if>
      </foreach>
    </where>
  </sql>
  <sql id="Update_By_Example_Where_Clause" >
    <where >
      <foreach collection="example.oredCriteria" item="criteria" separator="or" >
        <if test="criteria.valid" >
          <trim prefix="(" suffix=")" prefixOverrides="and" >
            <foreach collection="criteria.criteria" item="criterion" >
              <choose >
                <when test="criterion.noValue" >
                  and ${criterion.condition}
                </when>
                <when test="criterion.singleValue" >
                  and ${criterion.condition} #{criterion.value}
                </when>
                <when test="criterion.betweenValue" >
                  and ${criterion.condition} #{criterion.value} and #{criterion.secondValue}
                </when>
                <when test="criterion.listValue" >
                  and ${criterion.condition}
                  <foreach collection="criterion.value" item="listItem" open="(" close=")" separator="," >
                    #{listItem}
                  </foreach>
                </when>
              </choose>
            </foreach>
          </trim>
        </if>
      </foreach>
    </where>
  </sql>
  <sql id="Base_Column_List" >
    id, hotelid, roomtypeid, price, createtime, createuser, updatetime, updateuser
  </sql>
  <select id="selectByExample" resultMap="BaseResultMap" parameterType="com.fangbaba.basic.po.RackRateModelExample" >
    select
    <if test="distinct" >
      distinct
    </if>
    <include refid="Base_Column_List" />
    from rack_rate
    <if test="_parameter != null" >
      <include refid="Example_Where_Clause" />
    </if>
    <if test="orderByClause != null" >
      order by ${orderByClause}
    </if>
    <if test="limitStart != null and limitStart >=0" >
      limit ${limitStart} , ${limitEnd}
    </if>
  </select>
  <select id="selectByPrimaryKey" resultMap="BaseResultMap" parameterType="java.lang.Long" >
    select 
    <include refid="Base_Column_List" />
    from rack_rate
    where id = #{id,jdbcType=BIGINT}
  </select>
  <delete id="deleteByPrimaryKey" parameterType="java.lang.Long" >
    delete from rack_rate
    where id = #{id,jdbcType=BIGINT}
  </delete>
  <delete id="deleteByExample" parameterType="com.fangbaba.basic.po.RackRateModelExample" >
    delete from rack_rate
    <if test="_parameter != null" >
      <include refid="Example_Where_Clause" />
    </if>
  </delete>
  <insert id="insert" parameterType="com.fangbaba.basic.face.bean.RackRateModel" >
    insert into rack_rate (id, hotelid, roomtypeid, 
      price, createtime, createuser, 
      updatetime, updateuser)
    values (#{id,jdbcType=BIGINT}, #{hotelid,jdbcType=BIGINT}, #{roomtypeid,jdbcType=BIGINT}, 
      #{price,jdbcType=DECIMAL}, #{createtime,jdbcType=TIMESTAMP}, #{createuser,jdbcType=VARCHAR}, 
      #{updatetime,jdbcType=TIMESTAMP}, #{updateuser,jdbcType=VARCHAR})
  </insert>
  <insert id="insertSelective" parameterType="com.fangbaba.basic.face.bean.RackRateModel" >
    insert into rack_rate
    <trim prefix="(" suffix=")" suffixOverrides="," >
      <if test="id != null" >
        id,
      </if>
      <if test="hotelid != null" >
        hotelid,
      </if>
      <if test="roomtypeid != null" >
        roomtypeid,
      </if>
      <if test="price != null" >
        price,
      </if>
      <if test="createtime != null" >
        createtime,
      </if>
      <if test="createuser != null" >
        createuser,
      </if>
      <if test="updatetime != null" >
        updatetime,
      </if>
      <if test="updateuser != null" >
        updateuser,
      </if>
    </trim>
    <trim prefix="values (" suffix=")" suffixOverrides="," >
      <if test="id != null" >
        #{id,jdbcType=BIGINT},
      </if>
      <if test="hotelid != null" >
        #{hotelid,jdbcType=BIGINT},
      </if>
      <if test="roomtypeid != null" >
        #{roomtypeid,jdbcType=BIGINT},
      </if>
      <if test="price != null" >
        #{price,jdbcType=DECIMAL},
      </if>
      <if test="createtime != null" >
        #{createtime,jdbcType=TIMESTAMP},
      </if>
      <if test="createuser != null" >
        #{createuser,jdbcType=VARCHAR},
      </if>
      <if test="updatetime != null" >
        #{updatetime,jdbcType=TIMESTAMP},
      </if>
      <if test="updateuser != null" >
        #{updateuser,jdbcType=VARCHAR},
      </if>
    </trim>
  </insert>
  <select id="countByExample" parameterType="com.fangbaba.basic.po.RackRateModelExample" resultType="java.lang.Integer" >
    select count(*) from rack_rate
    <if test="_parameter != null" >
      <include refid="Example_Where_Clause" />
    </if>
  </select>
  <update id="updateByExampleSelective" parameterType="map" >
    update rack_rate
    <set >
      <if test="record.id != null" >
        id = #{record.id,jdbcType=BIGINT},
      </if>
      <if test="record.hotelid != null" >
        hotelid = #{record.hotelid,jdbcType=BIGINT},
      </if>
      <if test="record.roomtypeid != null" >
        roomtypeid = #{record.roomtypeid,jdbcType=BIGINT},
      </if>
      <if test="record.price != null" >
        price = #{record.price,jdbcType=DECIMAL},
      </if>
      <if test="record.createtime != null" >
        createtime = #{record.createtime,jdbcType=TIMESTAMP},
      </if>
      <if test="record.createuser != null" >
        createuser = #{record.createuser,jdbcType=VARCHAR},
      </if>
      <if test="record.updatetime != null" >
        updatetime = #{record.updatetime,jdbcType=TIMESTAMP},
      </if>
      <if test="record.updateuser != null" >
        updateuser = #{record.updateuser,jdbcType=VARCHAR},
      </if>
    </set>
    <if test="_parameter != null" >
      <include refid="Update_By_Example_Where_Clause" />
    </if>
  </update>
  <update id="updateByExample" parameterType="map" >
    update rack_rate
    set id = #{record.id,jdbcType=BIGINT},
      hotelid = #{record.hotelid,jdbcType=BIGINT},
      roomtypeid = #{record.roomtypeid,jdbcType=BIGINT},
      price = #{record.price,jdbcType=DECIMAL},
      createtime = #{record.createtime,jdbcType=TIMESTAMP},
      createuser = #{record.createuser,jdbcType=VARCHAR},
      updatetime = #{record.updatetime,jdbcType=TIMESTAMP},
      updateuser = #{record.updateuser,jdbcType=VARCHAR}
    <if test="_parameter != null" >
      <include refid="Update_By_Example_Where_Clause" />
    </if>
  </update>
  <update id="updateByPrimaryKeySelective" parameterType="com.fangbaba.basic.face.bean.RackRateModel" >
    update rack_rate
    <set >
      <if test="hotelid != null" >
        hotelid = #{hotelid,jdbcType=BIGINT},
      </if>
      <if test="roomtypeid != null" >
        roomtypeid = #{roomtypeid,jdbcType=BIGINT},
      </if>
      <if test="price != null" >
        price = #{price,jdbcType=DECIMAL},
      </if>
      <if test="createtime != null" >
        createtime = #{createtime,jdbcType=TIMESTAMP},
      </if>
      <if test="createuser != null" >
        createuser = #{createuser,jdbcType=VARCHAR},
      </if>
      <if test="updatetime != null" >
        updatetime = #{updatetime,jdbcType=TIMESTAMP},
      </if>
      <if test="updateuser != null" >
        updateuser = #{updateuser,jdbcType=VARCHAR},
      </if>
    </set>
    where id = #{id,jdbcType=BIGINT}
  </update>
  <update id="updateByPrimaryKey" parameterType="com.fangbaba.basic.face.bean.RackRateModel" >
    update rack_rate
    set hotelid = #{hotelid,jdbcType=BIGINT},
      roomtypeid = #{roomtypeid,jdbcType=BIGINT},
      price = #{price,jdbcType=DECIMAL},
      createtime = #{createtime,jdbcType=TIMESTAMP},
      createuser = #{createuser,jdbcType=VARCHAR},
      updatetime = #{updatetime,jdbcType=TIMESTAMP},
      updateuser = #{updateuser,jdbcType=VARCHAR}
    where id = #{id,jdbcType=BIGINT}
  </update>
  <insert id="genRackRates" parameterType="map">
  insert into rack_rate(
		hotelid ,
		roomtypeid ,
		price ,
		createtime ,
		createuser
	) select
		hotelid ,
		id ,
		case when cost is null then 0.0 else cost end ,
		now() ,
		'PMSUSER'
	from
		roomtype t
	where
		hotelid in
       <foreach collection="hotelids" item="listItem" open="(" close=")" separator="," >
         #{listItem}
       </foreach>
	and not exists(
		select
			id
		from
			rack_rate x
		where
			x.hotelid = t.hotelid
		and x.roomtypeid = t.id
	)
  </insert>
  <insert id="genRackDistributePrices" parameterType="map">
  insert into rack_distribute_price(
		hotelid ,
		roomtypeid ,
		price ,
		createtime
	) select
		hotelid ,
		id ,
		case when cost is null then 0.0 else cost end ,
		now()
	from
		roomtype t 
	where
		hotelid in
       <foreach collection="hotelids" item="listItem" open="(" close=")" separator="," >
         #{listItem}
       </foreach>
	and not exists(
		select
			id
		from
			rack_distribute_price x
		where
			x.hotelid = t.hotelid
		and x.roomtypeid = t.id
	)
  </insert>
  
</mapper>