<?xml version="1.0" encoding="UTF-8" ?>
<!DOCTYPE mapper PUBLIC "-//mybatis.org//DTD Mapper 3.0//EN" "http://mybatis.org/dtd/mybatis-3-mapper.dtd" >
<mapper namespace="com.fangbaba.basic.mappers.RoomtypeModelMapper" >
  <resultMap id="BaseResultMap" type="com.fangbaba.basic.face.bean.RoomtypeModel" >
    <id column="id" property="id" jdbcType="BIGINT" />
    <result column="id_1" property="id1" jdbcType="BIGINT" />
    <result column="hotelid" property="hotelid" jdbcType="BIGINT" />
    <result column="name" property="name" jdbcType="VARCHAR" />
    <result column="roomtypepms" property="roomtypepms" jdbcType="VARCHAR" />
    <result column="roomnum" property="roomnum" jdbcType="INTEGER" />
    <result column="cost" property="cost" jdbcType="DECIMAL" />
    <result column="type" property="type" jdbcType="INTEGER" />
    <result column="updatetime" property="updatetime" jdbcType="TIMESTAMP" />
  </resultMap>
  <sql id="Example_Where_Clause" >
    <where >
      <foreach collection="oredCriteria" item="criteria" separator="or" >
        <if test="criteria.valid" >
          <trim prefix="(" suffix=")" prefixOverrides="and" >
            <foreach collection="criteria.criteria" item="criterion" >
              <choose >
                <when test="criterion.noValue" >
                  and ${criterion.condition}
                </when>
                <when test="criterion.singleValue" >
                  and ${criterion.condition} #{criterion.value}
                </when>
                <when test="criterion.betweenValue" >
                  and ${criterion.condition} #{criterion.value} and #{criterion.secondValue}
                </when>
                <when test="criterion.listValue" >
                  and ${criterion.condition}
                  <foreach collection="criterion.value" item="listItem" open="(" close=")" separator="," >
                    #{listItem}
                  </foreach>
                </when>
              </choose>
            </foreach>
          </trim>
        </if>
      </foreach>
    </where>
  </sql>
  <sql id="Update_By_Example_Where_Clause" >
    <where >
      <foreach collection="example.oredCriteria" item="criteria" separator="or" >
        <if test="criteria.valid" >
          <trim prefix="(" suffix=")" prefixOverrides="and" >
            <foreach collection="criteria.criteria" item="criterion" >
              <choose >
                <when test="criterion.noValue" >
                  and ${criterion.condition}
                </when>
                <when test="criterion.singleValue" >
                  and ${criterion.condition} #{criterion.value}
                </when>
                <when test="criterion.betweenValue" >
                  and ${criterion.condition} #{criterion.value} and #{criterion.secondValue}
                </when>
                <when test="criterion.listValue" >
                  and ${criterion.condition}
                  <foreach collection="criterion.value" item="listItem" open="(" close=")" separator="," >
                    #{listItem}
                  </foreach>
                </when>
              </choose>
            </foreach>
          </trim>
        </if>
      </foreach>
    </where>
  </sql>
  <sql id="Base_Column_List" >
    id, id_1, hotelid, name, roomtypepms, roomnum, cost, type, updatetime
  </sql>
  <select id="selectByExample" resultMap="BaseResultMap" parameterType="com.fangbaba.basic.po.RoomtypeModelExample" >
    select
    <if test="distinct" >
      distinct
    </if>
    <include refid="Base_Column_List" />
    from roomtype
    <if test="_parameter != null" >
      <include refid="Example_Where_Clause" />
    </if>
    <if test="orderByClause != null" >
      order by ${orderByClause}
    </if>
    <if test="limitStart != null and limitStart >=0" >
      limit ${limitStart} , ${limitEnd}
    </if>
  </select>
  <select id="selectByPrimaryKey" resultMap="BaseResultMap" parameterType="java.lang.Long" >
    select 
    <include refid="Base_Column_List" />
    from roomtype
    where id = #{id,jdbcType=BIGINT}
  </select>
  <delete id="deleteByPrimaryKey" parameterType="java.lang.Long" >
    delete from roomtype
    where id = #{id,jdbcType=BIGINT}
  </delete>
  <delete id="deleteByExample" parameterType="com.fangbaba.basic.po.RoomtypeModelExample" >
    delete from roomtype
    <if test="_parameter != null" >
      <include refid="Example_Where_Clause" />
    </if>
  </delete>
  <insert id="insert" parameterType="com.fangbaba.basic.face.bean.RoomtypeModel" >
    insert into roomtype (id, hotelid, name, 
      roomtypepms, roomnum, cost, 
      type)
    values (#{id,jdbcType=BIGINT}, #{hotelid,jdbcType=BIGINT}, #{name,jdbcType=VARCHAR}, 
      #{roomtypepms,jdbcType=VARCHAR}, #{roomnum,jdbcType=INTEGER}, #{cost,jdbcType=DECIMAL}, 
      #{type,jdbcType=INTEGER})
  </insert>
  <insert id="insertSelective" parameterType="com.fangbaba.basic.face.bean.RoomtypeModel" useGeneratedKeys="true" keyProperty="id">
    insert into roomtype
    <trim prefix="(" suffix=")" suffixOverrides="," >
      <if test="id != null" >
        id,
      </if>
      <if test="hotelid != null" >
        hotelid,
      </if>
      <if test="name != null" >
        name,
      </if>
      <if test="roomtypepms != null" >
        roomtypepms,
      </if>
      <if test="roomnum != null" >
        roomnum,
      </if>
      <if test="cost != null" >
        cost,
      </if>
      <if test="type != null" >
        type,
      </if>
      <if test="updatetime != null" >
        updatetime,
      </if>
    </trim>
    <trim prefix="values (" suffix=")" suffixOverrides="," >
      <if test="id != null" >
        #{id,jdbcType=BIGINT},
      </if>
      <if test="id1 != null" >
        #{id1,jdbcType=BIGINT},
      </if>
      <if test="hotelid != null" >
        #{hotelid,jdbcType=BIGINT},
      </if>
      <if test="name != null" >
        #{name,jdbcType=VARCHAR},
      </if>
      <if test="roomtypepms != null" >
        #{roomtypepms,jdbcType=VARCHAR},
      </if>
      <if test="roomnum != null" >
        #{roomnum,jdbcType=INTEGER},
      </if>
      <if test="cost != null" >
        #{cost,jdbcType=DECIMAL},
      </if>
      <if test="type != null" >
        #{type,jdbcType=INTEGER},
      </if>
      <if test="updatetime != null" >
        #{updatetime,jdbcType=TIMESTAMP},
      </if>
    </trim>
  </insert>
  <select id="countByExample" parameterType="com.fangbaba.basic.po.RoomtypeModelExample" resultType="java.lang.Integer" >
    select count(*) from roomtype
    <if test="_parameter != null" >
      <include refid="Example_Where_Clause" />
    </if>
  </select>
  <update id="updateByExampleSelective" parameterType="map" >
    update roomtype
    <set >
      <if test="record.id != null" >
        id = #{record.id,jdbcType=BIGINT},
      </if>
      <if test="record.id1 != null" >
        id_1 = #{record.id1,jdbcType=BIGINT},
      </if>
      <if test="record.hotelid != null" >
        hotelid = #{record.hotelid,jdbcType=BIGINT},
      </if>
      <if test="record.name != null" >
        name = #{record.name,jdbcType=VARCHAR},
      </if>
      <if test="record.roomtypepms != null" >
        roomtypepms = #{record.roomtypepms,jdbcType=VARCHAR},
      </if>
      <if test="record.roomnum != null" >
        roomnum = #{record.roomnum,jdbcType=INTEGER},
      </if>
      <if test="record.cost != null" >
        cost = #{record.cost,jdbcType=DECIMAL},
      </if>
      <if test="record.type != null" >
        type = #{record.type,jdbcType=INTEGER},
      </if>
      <if test="record.updatetime != null" >
        updatetime = #{record.updatetime,jdbcType=TIMESTAMP},
      </if>
    </set>
    <if test="_parameter != null" >
      <include refid="Update_By_Example_Where_Clause" />
    </if>
  </update>
  <update id="updateByExample" parameterType="map" >
    update roomtype
    set id = #{record.id,jdbcType=BIGINT},
      id_1 = #{record.id1,jdbcType=BIGINT},
      hotelid = #{record.hotelid,jdbcType=BIGINT},
      name = #{record.name,jdbcType=VARCHAR},
      roomtypepms = #{record.roomtypepms,jdbcType=VARCHAR},
      roomnum = #{record.roomnum,jdbcType=INTEGER},
      cost = #{record.cost,jdbcType=DECIMAL},
      type = #{record.type,jdbcType=INTEGER},
      updatetime = #{record.updatetime,jdbcType=TIMESTAMP}
    <if test="_parameter != null" >
      <include refid="Update_By_Example_Where_Clause" />
    </if>
  </update>
  <update id="updateByPrimaryKeySelective" parameterType="com.fangbaba.basic.face.bean.RoomtypeModel" >
    update roomtype
    <set >
      <if test="id1 != null" >
        id_1 = #{id1,jdbcType=BIGINT},
      </if>
      <if test="hotelid != null" >
        hotelid = #{hotelid,jdbcType=BIGINT},
      </if>
      <if test="name != null" >
        name = #{name,jdbcType=VARCHAR},
      </if>
      <if test="roomtypepms != null" >
        roomtypepms = #{roomtypepms,jdbcType=VARCHAR},
      </if>
      <if test="roomnum != null" >
        roomnum = #{roomnum,jdbcType=INTEGER},
      </if>
      <if test="cost != null" >
        cost = #{cost,jdbcType=DECIMAL},
      </if>
      <if test="type != null" >
        type = #{type,jdbcType=INTEGER},
      </if>
      <if test="updatetime != null" >
        updatetime = #{updatetime,jdbcType=TIMESTAMP},
      </if>
    </set>
    where id = #{id,jdbcType=BIGINT}
  </update>
  <update id="updateByPrimaryKey" parameterType="com.fangbaba.basic.face.bean.RoomtypeModel" >
    update roomtype
    set id_1 = #{id1,jdbcType=BIGINT},
      hotelid = #{hotelid,jdbcType=BIGINT},
      name = #{name,jdbcType=VARCHAR},
      roomtypepms = #{roomtypepms,jdbcType=VARCHAR},
      roomnum = #{roomnum,jdbcType=INTEGER},
      cost = #{cost,jdbcType=DECIMAL},
      type = #{type,jdbcType=INTEGER},
      updatetime = #{updatetime,jdbcType=TIMESTAMP}
    where id = #{id,jdbcType=BIGINT}
  </update>
  
  <!-- 根据pmsId修改房型 -->
    <update id="updateByPmsId" parameterType="com.fangbaba.basic.face.bean.RoomtypeModel" >
    update roomtype
    <set >
      <if test="name != null" >
        name = #{name,jdbcType=VARCHAR},
      </if>
      <if test="roomnum != null" >
        roomnum = #{roomnum,jdbcType=INTEGER},
      </if>
      <if test="cost != null" >
        cost = #{cost,jdbcType=DECIMAL},
      </if>
      <if test="type != null" >
        type = #{type,jdbcType=INTEGER},
      </if>
    </set>
    where hotelid=#{hotelid, jdbcType=BIGINT} and  roomtypepms = #{roomtypepms,jdbcType=VARCHAR}
  </update>
  <select id="selectByPms" resultMap="BaseResultMap" parameterType="map" >
    select 
    <include refid="Base_Column_List" />
    from roomtype
    where hotelid=#{hotelid} and roomtypepms = #{pmsString}
  </select>
  <select id="queryByIds" resultMap="BaseResultMap" parameterType="map" >
    select 
    <include refid="Base_Column_List" />
    from roomtype
    where id in
       <foreach collection="roomtypeids" item="listItem" open="(" close=")" separator="," >
         #{listItem}
       </foreach>
  </select>
  
</mapper>