<?xml version="1.0" encoding="UTF-8" ?>
<!DOCTYPE mapper PUBLIC "-//mybatis.org//DTD Mapper 3.0//EN" "http://mybatis.org/dtd/mybatis-3-mapper.dtd" >
<mapper namespace="com.fangbaba.basic.mappers.RoomModelMapper" >
  <resultMap id="BaseResultMap" type="com.fangbaba.basic.face.bean.RoomModel" >
    <id column="id" property="id" jdbcType="BIGINT" />
    <result column="roomtypeid" property="roomtypeid" jdbcType="BIGINT" />
    <result column="roomno" property="roomno" jdbcType="VARCHAR" />
    <result column="roompms" property="roompms" jdbcType="VARCHAR" />
    <result column="tel" property="tel" jdbcType="VARCHAR" />
    <result column="remark" property="remark" jdbcType="VARCHAR" />
  </resultMap>
  <sql id="Example_Where_Clause" >
    <where >
      <foreach collection="oredCriteria" item="criteria" separator="or" >
        <if test="criteria.valid" >
          <trim prefix="(" suffix=")" prefixOverrides="and" >
            <foreach collection="criteria.criteria" item="criterion" >
              <choose >
                <when test="criterion.noValue" >
                  and ${criterion.condition}
                </when>
                <when test="criterion.singleValue" >
                  and ${criterion.condition} #{criterion.value}
                </when>
                <when test="criterion.betweenValue" >
                  and ${criterion.condition} #{criterion.value} and #{criterion.secondValue}
                </when>
                <when test="criterion.listValue" >
                  and ${criterion.condition}
                  <foreach collection="criterion.value" item="listItem" open="(" close=")" separator="," >
                    #{listItem}
                  </foreach>
                </when>
              </choose>
            </foreach>
          </trim>
        </if>
      </foreach>
    </where>
  </sql>
  <sql id="Update_By_Example_Where_Clause" >
    <where >
      <foreach collection="example.oredCriteria" item="criteria" separator="or" >
        <if test="criteria.valid" >
          <trim prefix="(" suffix=")" prefixOverrides="and" >
            <foreach collection="criteria.criteria" item="criterion" >
              <choose >
                <when test="criterion.noValue" >
                  and ${criterion.condition}
                </when>
                <when test="criterion.singleValue" >
                  and ${criterion.condition} #{criterion.value}
                </when>
                <when test="criterion.betweenValue" >
                  and ${criterion.condition} #{criterion.value} and #{criterion.secondValue}
                </when>
                <when test="criterion.listValue" >
                  and ${criterion.condition}
                  <foreach collection="criterion.value" item="listItem" open="(" close=")" separator="," >
                    #{listItem}
                  </foreach>
                </when>
              </choose>
            </foreach>
          </trim>
        </if>
      </foreach>
    </where>
  </sql>
  <sql id="Base_Column_List" >
    id, roomtypeid, roomno, roompms, tel, remark
  </sql>
  <select id="selectByExample" resultMap="BaseResultMap" parameterType="com.fangbaba.basic.po.RoomModelExample" >
    select
    <if test="distinct" >
      distinct
    </if>
    <include refid="Base_Column_List" />
    from room
    <if test="_parameter != null" >
      <include refid="Example_Where_Clause" />
    </if>
    <if test="orderByClause != null" >
      order by ${orderByClause}
    </if>
  </select>
  <select id="selectByPrimaryKey" resultMap="BaseResultMap" parameterType="java.lang.Long" >
    select 
    <include refid="Base_Column_List" />
    from room
    where id = #{id,jdbcType=BIGINT}
  </select>
  <delete id="deleteByPrimaryKey" parameterType="java.lang.Long" >
    delete from room
    where id = #{id,jdbcType=BIGINT}
  </delete>
  <delete id="deleteByExample" parameterType="com.fangbaba.basic.po.RoomModelExample" >
    delete from room
    <if test="_parameter != null" >
      <include refid="Example_Where_Clause" />
    </if>
  </delete>
  <insert id="insert" parameterType="com.fangbaba.basic.face.bean.RoomModel" >
    insert into room (id, roomtypeid, roomno, 
      roompms, tel, remark
      )
    values (#{id,jdbcType=BIGINT}, #{roomtypeid,jdbcType=BIGINT}, #{roomno,jdbcType=VARCHAR}, 
      #{roompms,jdbcType=VARCHAR}, #{tel,jdbcType=VARCHAR}, #{remark,jdbcType=VARCHAR}
      )
  </insert>
  <insert id="insertSelective" parameterType="com.fangbaba.basic.face.bean.RoomModel" >
    insert into room
    <trim prefix="(" suffix=")" suffixOverrides="," >
      <if test="id != null" >
        id,
      </if>
      <if test="roomtypeid != null" >
        roomtypeid,
      </if>
      <if test="roomno != null" >
        roomno,
      </if>
      <if test="roompms != null" >
        roompms,
      </if>
      <if test="tel != null" >
        tel,
      </if>
      <if test="remark != null" >
        remark,
      </if>
    </trim>
    <trim prefix="values (" suffix=")" suffixOverrides="," >
      <if test="id != null" >
        #{id,jdbcType=BIGINT},
      </if>
      <if test="roomtypeid != null" >
        #{roomtypeid,jdbcType=BIGINT},
      </if>
      <if test="roomno != null" >
        #{roomno,jdbcType=VARCHAR},
      </if>
      <if test="roompms != null" >
        #{roompms,jdbcType=VARCHAR},
      </if>
      <if test="tel != null" >
        #{tel,jdbcType=VARCHAR},
      </if>
      <if test="remark != null" >
        #{remark,jdbcType=VARCHAR},
      </if>
    </trim>
  </insert>
  <select id="countByExample" parameterType="com.fangbaba.basic.po.RoomModelExample" resultType="java.lang.Integer" >
    select count(*) from room
    <if test="_parameter != null" >
      <include refid="Example_Where_Clause" />
    </if>
  </select>
  <update id="updateByExampleSelective" parameterType="map" >
    update room
    <set >
      <if test="record.id != null" >
        id = #{record.id,jdbcType=BIGINT},
      </if>
      <if test="record.roomtypeid != null" >
        roomtypeid = #{record.roomtypeid,jdbcType=BIGINT},
      </if>
      <if test="record.roomno != null" >
        roomno = #{record.roomno,jdbcType=VARCHAR},
      </if>
      <if test="record.roompms != null" >
        roompms = #{record.roompms,jdbcType=VARCHAR},
      </if>
      <if test="record.tel != null" >
        tel = #{record.tel,jdbcType=VARCHAR},
      </if>
      <if test="record.remark != null" >
        remark = #{record.remark,jdbcType=VARCHAR},
      </if>
    </set>
    <if test="_parameter != null" >
      <include refid="Update_By_Example_Where_Clause" />
    </if>
  </update>
  <update id="updateByExample" parameterType="map" >
    update room
    set id = #{record.id,jdbcType=BIGINT},
      roomtypeid = #{record.roomtypeid,jdbcType=BIGINT},
      roomno = #{record.roomno,jdbcType=VARCHAR},
      roompms = #{record.roompms,jdbcType=VARCHAR},
      tel = #{record.tel,jdbcType=VARCHAR},
      remark = #{record.remark,jdbcType=VARCHAR}
    <if test="_parameter != null" >
      <include refid="Update_By_Example_Where_Clause" />
    </if>
  </update>
  <update id="updateByPrimaryKeySelective" parameterType="com.fangbaba.basic.face.bean.RoomModel" >
    update room
    <set >
      <if test="roomtypeid != null" >
        roomtypeid = #{roomtypeid,jdbcType=BIGINT},
      </if>
      <if test="roomno != null" >
        roomno = #{roomno,jdbcType=VARCHAR},
      </if>
      <if test="roompms != null" >
        roompms = #{roompms,jdbcType=VARCHAR},
      </if>
      <if test="tel != null" >
        tel = #{tel,jdbcType=VARCHAR},
      </if>
      <if test="remark != null" >
        remark = #{remark,jdbcType=VARCHAR},
      </if>
    </set>
    where id = #{id,jdbcType=BIGINT}
  </update>
  <update id="updateByPrimaryKey" parameterType="com.fangbaba.basic.face.bean.RoomModel" >
    update room
    set roomtypeid = #{roomtypeid,jdbcType=BIGINT},
      roomno = #{roomno,jdbcType=VARCHAR},
      roompms = #{roompms,jdbcType=VARCHAR},
      tel = #{tel,jdbcType=VARCHAR},
      remark = #{remark,jdbcType=VARCHAR}
    where id = #{id,jdbcType=BIGINT}
  </update>
  <!-- 根据pmsId修改 -->
  <update id="updateByPmsId" parameterType="com.fangbaba.basic.face.bean.RoomModel" >
    update room
    <set >
      <if test="roomtypeid != null" >
        roomtypeid = #{roomtypeid,jdbcType=BIGINT},
      </if>
      <if test="roomno != null" >
        roomno = #{roomno,jdbcType=VARCHAR},
      </if>
      <if test="tel != null" >
        tel = #{tel,jdbcType=VARCHAR},
      </if>
      <if test="remark != null" >
        remark = #{remark,jdbcType=VARCHAR},
      </if>
    </set>
    where roompms = #{roompms,jdbcType=VARCHAR}
  </update>
    <!-- 根据pms房间ID取房间 -->
   <select id="findRoomByRoomPms" parameterType="java.lang.String" resultMap="BaseResultMap">
	 select
	 <include refid="Base_Column_List" /> 
	 from room where roompms = #{roompms}
  </select>
</mapper>