<?xml version="1.0" encoding="UTF-8" ?>
<!DOCTYPE mapper PUBLIC "-//mybatis.org//DTD Mapper 3.0//EN" "http://mybatis.org/dtd/mybatis-3-mapper.dtd" >
<mapper namespace="com.fangbaba.basic.mappers.RoomtypeinfoModelMapper" >
  <resultMap id="BaseResultMap" type="com.fangbaba.basic.face.bean.RoomtypeinfoModel" >
    <id column="id" property="id" jdbcType="BIGINT" />
    <result column="roomtypeid" property="roomtypeid" jdbcType="BIGINT" />
    <result column="minarea" property="minarea" jdbcType="DECIMAL" />
    <result column="maxarea" property="maxarea" jdbcType="DECIMAL" />
    <result column="bedtype" property="bedtype" jdbcType="BIGINT" />
    <result column="bedsize" property="bedsize" jdbcType="VARCHAR" />
  </resultMap>
  <resultMap id="ResultMapWithBLOBs" type="com.fangbaba.basic.face.bean.RoomtypeinfoModel" extends="BaseResultMap" >
    <result column="pics" property="pics" jdbcType="LONGVARCHAR" />
  </resultMap>
  <sql id="Example_Where_Clause" >
    <where >
      <foreach collection="oredCriteria" item="criteria" separator="or" >
        <if test="criteria.valid" >
          <trim prefix="(" suffix=")" prefixOverrides="and" >
            <foreach collection="criteria.criteria" item="criterion" >
              <choose >
                <when test="criterion.noValue" >
                  and ${criterion.condition}
                </when>
                <when test="criterion.singleValue" >
                  and ${criterion.condition} #{criterion.value}
                </when>
                <when test="criterion.betweenValue" >
                  and ${criterion.condition} #{criterion.value} and #{criterion.secondValue}
                </when>
                <when test="criterion.listValue" >
                  and ${criterion.condition}
                  <foreach collection="criterion.value" item="listItem" open="(" close=")" separator="," >
                    #{listItem}
                  </foreach>
                </when>
              </choose>
            </foreach>
          </trim>
        </if>
      </foreach>
    </where>
  </sql>
  <sql id="Update_By_Example_Where_Clause" >
    <where >
      <foreach collection="example.oredCriteria" item="criteria" separator="or" >
        <if test="criteria.valid" >
          <trim prefix="(" suffix=")" prefixOverrides="and" >
            <foreach collection="criteria.criteria" item="criterion" >
              <choose >
                <when test="criterion.noValue" >
                  and ${criterion.condition}
                </when>
                <when test="criterion.singleValue" >
                  and ${criterion.condition} #{criterion.value}
                </when>
                <when test="criterion.betweenValue" >
                  and ${criterion.condition} #{criterion.value} and #{criterion.secondValue}
                </when>
                <when test="criterion.listValue" >
                  and ${criterion.condition}
                  <foreach collection="criterion.value" item="listItem" open="(" close=")" separator="," >
                    #{listItem}
                  </foreach>
                </when>
              </choose>
            </foreach>
          </trim>
        </if>
      </foreach>
    </where>
  </sql>
  <sql id="Base_Column_List" >
    id, roomtypeid, minarea, maxarea, bedtype, bedsize
  </sql>
  <sql id="Blob_Column_List" >
    pics
  </sql>
  <select id="selectByExampleWithBLOBs" resultMap="ResultMapWithBLOBs" parameterType="com.fangbaba.basic.face.bean.RoomtypeinfoModelExample" >
    select
    <if test="distinct" >
      distinct
    </if>
    <include refid="Base_Column_List" />
    ,
    <include refid="Blob_Column_List" />
    from roomtype_info
    <if test="_parameter != null" >
      <include refid="Example_Where_Clause" />
    </if>
    <if test="orderByClause != null" >
      order by ${orderByClause}
    </if>
  </select>
  <select id="selectByExample" resultMap="BaseResultMap" parameterType="com.fangbaba.basic.face.bean.RoomtypeinfoModelExample" >
    select
    <if test="distinct" >
      distinct
    </if>
    <include refid="Base_Column_List" />
    from roomtype_info
    <if test="_parameter != null" >
      <include refid="Example_Where_Clause" />
    </if>
    <if test="orderByClause != null" >
      order by ${orderByClause}
    </if>
    <if test="limitStart != null and limitStart >=0" >
      limit ${limitStart} , ${limitEnd}
    </if>
  </select>
  <select id="selectByPrimaryKey" resultMap="ResultMapWithBLOBs" parameterType="java.lang.Long" >
    select 
    <include refid="Base_Column_List" />
    ,
    <include refid="Blob_Column_List" />
    from roomtype_info
    where id = #{id,jdbcType=BIGINT}
  </select>
  <delete id="deleteByPrimaryKey" parameterType="java.lang.Long" >
    delete from roomtype_info
    where id = #{id,jdbcType=BIGINT}
  </delete>
  <delete id="deleteByExample" parameterType="com.fangbaba.basic.face.bean.RoomtypeinfoModelExample" >
    delete from roomtype_info
    <if test="_parameter != null" >
      <include refid="Example_Where_Clause" />
    </if>
  </delete>
  <insert id="insert" parameterType="com.fangbaba.basic.face.bean.RoomtypeinfoModel" >
    insert into roomtype_info (id, roomtypeid, minarea, 
      maxarea, bedtype, bedsize, 
      pics)
    values (#{id,jdbcType=BIGINT}, #{roomtypeid,jdbcType=BIGINT}, #{minarea,jdbcType=DECIMAL}, 
      #{maxarea,jdbcType=DECIMAL}, #{bedtype,jdbcType=BIGINT}, #{bedsize,jdbcType=VARCHAR}, 
      #{pics,jdbcType=LONGVARCHAR})
  </insert>
  <insert id="insertSelective" parameterType="com.fangbaba.basic.face.bean.RoomtypeinfoModel" >
    insert into roomtype_info
    <trim prefix="(" suffix=")" suffixOverrides="," >
      <if test="id != null" >
        id,
      </if>
      <if test="roomtypeid != null" >
        roomtypeid,
      </if>
      <if test="minarea != null" >
        minarea,
      </if>
      <if test="maxarea != null" >
        maxarea,
      </if>
      <if test="bedtype != null" >
        bedtype,
      </if>
      <if test="bedsize != null" >
        bedsize,
      </if>
      <if test="pics != null" >
        pics,
      </if>
    </trim>
    <trim prefix="values (" suffix=")" suffixOverrides="," >
      <if test="id != null" >
        #{id,jdbcType=BIGINT},
      </if>
      <if test="roomtypeid != null" >
        #{roomtypeid,jdbcType=BIGINT},
      </if>
      <if test="minarea != null" >
        #{minarea,jdbcType=DECIMAL},
      </if>
      <if test="maxarea != null" >
        #{maxarea,jdbcType=DECIMAL},
      </if>
      <if test="bedtype != null" >
        #{bedtype,jdbcType=BIGINT},
      </if>
      <if test="bedsize != null" >
        #{bedsize,jdbcType=VARCHAR},
      </if>
      <if test="pics != null" >
        #{pics,jdbcType=LONGVARCHAR},
      </if>
    </trim>
  </insert>
  <select id="countByExample" parameterType="com.fangbaba.basic.face.bean.RoomtypeinfoModelExample" resultType="java.lang.Integer" >
    select count(*) from roomtype_info
    <if test="_parameter != null" >
      <include refid="Example_Where_Clause" />
    </if>
  </select>
  <update id="updateByExampleSelective" parameterType="map" >
    update roomtype_info
    <set >
      <if test="record.id != null" >
        id = #{record.id,jdbcType=BIGINT},
      </if>
      <if test="record.roomtypeid != null" >
        roomtypeid = #{record.roomtypeid,jdbcType=BIGINT},
      </if>
      <if test="record.minarea != null" >
        minarea = #{record.minarea,jdbcType=DECIMAL},
      </if>
      <if test="record.maxarea != null" >
        maxarea = #{record.maxarea,jdbcType=DECIMAL},
      </if>
      <if test="record.bedtype != null" >
        bedtype = #{record.bedtype,jdbcType=BIGINT},
      </if>
      <if test="record.bedsize != null" >
        bedsize = #{record.bedsize,jdbcType=VARCHAR},
      </if>
      <if test="record.pics != null" >
        pics = #{record.pics,jdbcType=LONGVARCHAR},
      </if>
    </set>
    <if test="_parameter != null" >
      <include refid="Update_By_Example_Where_Clause" />
    </if>
  </update>
  <update id="updateByExampleWithBLOBs" parameterType="map" >
    update roomtype_info
    set id = #{record.id,jdbcType=BIGINT},
      roomtypeid = #{record.roomtypeid,jdbcType=BIGINT},
      minarea = #{record.minarea,jdbcType=DECIMAL},
      maxarea = #{record.maxarea,jdbcType=DECIMAL},
      bedtype = #{record.bedtype,jdbcType=BIGINT},
      bedsize = #{record.bedsize,jdbcType=VARCHAR},
      pics = #{record.pics,jdbcType=LONGVARCHAR}
    <if test="_parameter != null" >
      <include refid="Update_By_Example_Where_Clause" />
    </if>
  </update>
  <update id="updateByExample" parameterType="map" >
    update roomtype_info
    set id = #{record.id,jdbcType=BIGINT},
      roomtypeid = #{record.roomtypeid,jdbcType=BIGINT},
      minarea = #{record.minarea,jdbcType=DECIMAL},
      maxarea = #{record.maxarea,jdbcType=DECIMAL},
      bedtype = #{record.bedtype,jdbcType=BIGINT},
      bedsize = #{record.bedsize,jdbcType=VARCHAR}
    <if test="_parameter != null" >
      <include refid="Update_By_Example_Where_Clause" />
    </if>
  </update>
  <update id="updateByPrimaryKeySelective" parameterType="com.fangbaba.basic.face.bean.RoomtypeinfoModel" >
    update roomtype_info
    <set >
      <if test="roomtypeid != null" >
        roomtypeid = #{roomtypeid,jdbcType=BIGINT},
      </if>
      <if test="minarea != null" >
        minarea = #{minarea,jdbcType=DECIMAL},
      </if>
      <if test="maxarea != null" >
        maxarea = #{maxarea,jdbcType=DECIMAL},
      </if>
      <if test="bedtype != null" >
        bedtype = #{bedtype,jdbcType=BIGINT},
      </if>
      <if test="bedsize != null" >
        bedsize = #{bedsize,jdbcType=VARCHAR},
      </if>
      <if test="pics != null" >
        pics = #{pics,jdbcType=LONGVARCHAR},
      </if>
    </set>
    where id = #{id,jdbcType=BIGINT}
  </update>
  <update id="updateByPrimaryKeyWithBLOBs" parameterType="com.fangbaba.basic.face.bean.RoomtypeinfoModel" >
    update roomtype_info
    set roomtypeid = #{roomtypeid,jdbcType=BIGINT},
      minarea = #{minarea,jdbcType=DECIMAL},
      maxarea = #{maxarea,jdbcType=DECIMAL},
      bedtype = #{bedtype,jdbcType=BIGINT},
      bedsize = #{bedsize,jdbcType=VARCHAR},
      pics = #{pics,jdbcType=LONGVARCHAR}
    where id = #{id,jdbcType=BIGINT}
  </update>
  <update id="updateByPrimaryKey" parameterType="com.fangbaba.basic.face.bean.RoomtypeinfoModel" >
    update roomtype_info
    set roomtypeid = #{roomtypeid,jdbcType=BIGINT},
      minarea = #{minarea,jdbcType=DECIMAL},
      maxarea = #{maxarea,jdbcType=DECIMAL},
      bedtype = #{bedtype,jdbcType=BIGINT},
      bedsize = #{bedsize,jdbcType=VARCHAR}
    where id = #{id,jdbcType=BIGINT}
  </update>
  <select id="findRoomtypeinfoByRoomtypeId" resultMap="ResultMapWithBLOBs" parameterType="map">
 	select
  	<include refid="Base_Column_List" />
    ,
    <include refid="Blob_Column_List" />
    from roomtype_info
    where roomtypeid = #{roomtypeid,jdbcType=BIGINT}
  </select>
  <select id="findRoomtypeinfoByRoomtypeIds" resultMap="ResultMapWithBLOBs" parameterType="map">
 	select
  	<include refid="Base_Column_List" />
    ,
    <include refid="Blob_Column_List" />
    from roomtype_info
    where roomtypeid in  
	<foreach item="item" index="index" collection="roomtypeids" open="(" separator="," close=")">  
 		#{item}  
	</foreach>
  </select>
</mapper>