<?xml version="1.0" encoding="UTF-8" ?>
<!DOCTYPE mapper PUBLIC "-//mybatis.org//DTD Mapper 3.0//EN" "http://mybatis.org/dtd/mybatis-3-mapper.dtd" >
<mapper namespace="com.fangbaba.basic.mappers.TaggroupMapper" >
  <resultMap id="BaseResultMap" type="com.fangbaba.basic.face.bean.Taggroup" >
    <id column="id" property="id" jdbcType="BIGINT" />
    <result column="groupname" property="groupname" jdbcType="VARCHAR" />
    <result column="createtime" property="createtime" jdbcType="TIMESTAMP" />
    <result column="updatetime" property="updatetime" jdbcType="TIMESTAMP" />
  </resultMap>
  <sql id="Example_Where_Clause" >
    <where >
      <foreach collection="oredCriteria" item="criteria" separator="or" >
        <if test="criteria.valid" >
          <trim prefix="(" suffix=")" prefixOverrides="and" >
            <foreach collection="criteria.criteria" item="criterion" >
              <choose >
                <when test="criterion.noValue" >
                  and ${criterion.condition}
                </when>
                <when test="criterion.singleValue" >
                  and ${criterion.condition} #{criterion.value}
                </when>
                <when test="criterion.betweenValue" >
                  and ${criterion.condition} #{criterion.value} and #{criterion.secondValue}
                </when>
                <when test="criterion.listValue" >
                  and ${criterion.condition}
                  <foreach collection="criterion.value" item="listItem" open="(" close=")" separator="," >
                    #{listItem}
                  </foreach>
                </when>
              </choose>
            </foreach>
          </trim>
        </if>
      </foreach>
    </where>
  </sql>
  <sql id="Update_By_Example_Where_Clause" >
    <where >
      <foreach collection="example.oredCriteria" item="criteria" separator="or" >
        <if test="criteria.valid" >
          <trim prefix="(" suffix=")" prefixOverrides="and" >
            <foreach collection="criteria.criteria" item="criterion" >
              <choose >
                <when test="criterion.noValue" >
                  and ${criterion.condition}
                </when>
                <when test="criterion.singleValue" >
                  and ${criterion.condition} #{criterion.value}
                </when>
                <when test="criterion.betweenValue" >
                  and ${criterion.condition} #{criterion.value} and #{criterion.secondValue}
                </when>
                <when test="criterion.listValue" >
                  and ${criterion.condition}
                  <foreach collection="criterion.value" item="listItem" open="(" close=")" separator="," >
                    #{listItem}
                  </foreach>
                </when>
              </choose>
            </foreach>
          </trim>
        </if>
      </foreach>
    </where>
  </sql>
  <sql id="Base_Column_List" >
    id, groupname, createtime, updatetime
  </sql>
  <select id="selectByExample" resultMap="BaseResultMap" parameterType="com.fangbaba.basic.face.bean.TaggroupExample" >
    select
    <if test="distinct" >
      distinct
    </if>
    <include refid="Base_Column_List" />
    from taggroup
    <if test="_parameter != null" >
      <include refid="Example_Where_Clause" />
    </if>
    <if test="orderByClause != null" >
      order by ${orderByClause}
    </if>
    <if test="limitStart != null and limitStart >=0" >
      limit ${limitStart} , ${limitEnd}
    </if>
  </select>
  <select id="selectByPrimaryKey" resultMap="BaseResultMap" parameterType="java.lang.Long" >
    select 
    <include refid="Base_Column_List" />
    from taggroup
    where id = #{id,jdbcType=BIGINT}
  </select>
  <delete id="deleteByPrimaryKey" parameterType="java.lang.Long" >
    delete from taggroup
    where id = #{id,jdbcType=BIGINT}
  </delete>
  <delete id="deleteByExample" parameterType="com.fangbaba.basic.face.bean.TaggroupExample" >
    delete from taggroup
    <if test="_parameter != null" >
      <include refid="Example_Where_Clause" />
    </if>
  </delete>
  <insert id="insert" parameterType="com.fangbaba.basic.face.bean.Taggroup" useGeneratedKeys="true" keyProperty="id">
    insert into taggroup (id, groupname, createtime, 
      updatetime)
    values (#{id,jdbcType=BIGINT}, #{groupname,jdbcType=VARCHAR}, #{createtime,jdbcType=TIMESTAMP}, 
      #{updatetime,jdbcType=TIMESTAMP})
  </insert>
  <insert id="insertSelective" parameterType="com.fangbaba.basic.face.bean.Taggroup" useGeneratedKeys="true" keyProperty="id">
    insert into taggroup
    <trim prefix="(" suffix=")" suffixOverrides="," >
      <if test="id != null" >
        id,
      </if>
      <if test="groupname != null" >
        groupname,
      </if>
      <if test="createtime != null" >
        createtime,
      </if>
      <if test="updatetime != null" >
        updatetime,
      </if>
    </trim>
    <trim prefix="values (" suffix=")" suffixOverrides="," >
      <if test="id != null" >
        #{id,jdbcType=BIGINT},
      </if>
      <if test="groupname != null" >
        #{groupname,jdbcType=VARCHAR},
      </if>
      <if test="createtime != null" >
        #{createtime,jdbcType=TIMESTAMP},
      </if>
      <if test="updatetime != null" >
        #{updatetime,jdbcType=TIMESTAMP},
      </if>
    </trim>
  </insert>
  <select id="countByExample" parameterType="com.fangbaba.basic.face.bean.TaggroupExample" resultType="java.lang.Integer" >
    select count(*) from taggroup
    <if test="_parameter != null" >
      <include refid="Example_Where_Clause" />
    </if>
  </select>
  <update id="updateByExampleSelective" parameterType="map" >
    update taggroup
    <set >
      <if test="record.id != null" >
        id = #{record.id,jdbcType=BIGINT},
      </if>
      <if test="record.groupname != null" >
        groupname = #{record.groupname,jdbcType=VARCHAR},
      </if>
      <if test="record.createtime != null" >
        createtime = #{record.createtime,jdbcType=TIMESTAMP},
      </if>
      <if test="record.updatetime != null" >
        updatetime = #{record.updatetime,jdbcType=TIMESTAMP},
      </if>
    </set>
    <if test="_parameter != null" >
      <include refid="Update_By_Example_Where_Clause" />
    </if>
  </update>
  <update id="updateByExample" parameterType="map" >
    update taggroup
    set id = #{record.id,jdbcType=BIGINT},
      groupname = #{record.groupname,jdbcType=VARCHAR},
      createtime = #{record.createtime,jdbcType=TIMESTAMP},
      updatetime = #{record.updatetime,jdbcType=TIMESTAMP}
    <if test="_parameter != null" >
      <include refid="Update_By_Example_Where_Clause" />
    </if>
  </update>
  <update id="updateByPrimaryKeySelective" parameterType="com.fangbaba.basic.face.bean.Taggroup" >
    update taggroup
    <set >
      <if test="groupname != null" >
        groupname = #{groupname,jdbcType=VARCHAR},
      </if>
      <if test="createtime != null" >
        createtime = #{createtime,jdbcType=TIMESTAMP},
      </if>
      <if test="updatetime != null" >
        updatetime = #{updatetime,jdbcType=TIMESTAMP},
      </if>
    </set>
    where id = #{id,jdbcType=BIGINT}
  </update>
  <update id="updateByPrimaryKey" parameterType="com.fangbaba.basic.face.bean.Taggroup" >
    update taggroup
    set groupname = #{groupname,jdbcType=VARCHAR},
      createtime = #{createtime,jdbcType=TIMESTAMP},
      updatetime = #{updatetime,jdbcType=TIMESTAMP}
    where id = #{id,jdbcType=BIGINT}
  </update>
</mapper>