<?xml version="1.0" encoding="UTF-8" ?>
<!DOCTYPE mapper PUBLIC "-//mybatis.org//DTD Mapper 3.0//EN" "http://mybatis.org/dtd/mybatis-3-mapper.dtd" >
<mapper namespace="com.fangbaba.basic.mappers.TagsMapper" >
  <resultMap id="BaseResultMap" type="com.fangbaba.basic.face.bean.Tags" >
    <id column="id" property="id" jdbcType="BIGINT" />
    <result column="tagname" property="tagname" jdbcType="VARCHAR" />
    <result column="taggroupid" property="taggroupid" jdbcType="BIGINT" />
    <result column="createtime" property="createtime" jdbcType="TIMESTAMP" />
    <result column="updatetime" property="updatetime" jdbcType="TIMESTAMP" />
  </resultMap>
  <resultMap id="BaseResultMapWithGroup" type="com.fangbaba.basic.face.bean.Tags" extends="BaseResultMap">
  	<association property="group" autoMapping="true" javaType="com.fangbaba.basic.face.bean.Taggroup" column="taggroupid" select="findTagGroupById">
	</association>
  </resultMap>
  <select id="findTagGroupById" resultType="com.fangbaba.basic.face.bean.Taggroup" parameterType="java.util.Map">
  	select * from taggroup where id = #{id}
  </select>
  <sql id="Example_Where_Clause" >
    <where >
      <foreach collection="oredCriteria" item="criteria" separator="or" >
        <if test="criteria.valid" >
          <trim prefix="(" suffix=")" prefixOverrides="and" >
            <foreach collection="criteria.criteria" item="criterion" >
              <choose >
                <when test="criterion.noValue" >
                  and ${criterion.condition}
                </when>
                <when test="criterion.singleValue" >
                  and ${criterion.condition} #{criterion.value}
                </when>
                <when test="criterion.betweenValue" >
                  and ${criterion.condition} #{criterion.value} and #{criterion.secondValue}
                </when>
                <when test="criterion.listValue" >
                  and ${criterion.condition}
                  <foreach collection="criterion.value" item="listItem" open="(" close=")" separator="," >
                    #{listItem}
                  </foreach>
                </when>
              </choose>
            </foreach>
          </trim>
        </if>
      </foreach>
    </where>
  </sql>
  <sql id="Update_By_Example_Where_Clause" >
    <where >
      <foreach collection="example.oredCriteria" item="criteria" separator="or" >
        <if test="criteria.valid" >
          <trim prefix="(" suffix=")" prefixOverrides="and" >
            <foreach collection="criteria.criteria" item="criterion" >
              <choose >
                <when test="criterion.noValue" >
                  and ${criterion.condition}
                </when>
                <when test="criterion.singleValue" >
                  and ${criterion.condition} #{criterion.value}
                </when>
                <when test="criterion.betweenValue" >
                  and ${criterion.condition} #{criterion.value} and #{criterion.secondValue}
                </when>
                <when test="criterion.listValue" >
                  and ${criterion.condition}
                  <foreach collection="criterion.value" item="listItem" open="(" close=")" separator="," >
                    #{listItem}
                  </foreach>
                </when>
              </choose>
            </foreach>
          </trim>
        </if>
      </foreach>
    </where>
  </sql>
  <sql id="Base_Column_List" >
    id, tagname, taggroupid, createtime, updatetime
  </sql>
  <sql id="Join_Column_List" >
    t.id, t.tagname, t.taggroupid, t.createtime, t.updatetime
  </sql>
  <select id="selectByExample" resultMap="BaseResultMap" parameterType="com.fangbaba.basic.face.bean.TagsExample" >
    select
    <if test="distinct" >
      distinct
    </if>
    <include refid="Base_Column_List" />
    from tags
    <if test="_parameter != null" >
      <include refid="Example_Where_Clause" />
    </if>
    <if test="orderByClause != null" >
      order by ${orderByClause}
    </if>
    <if test="limitStart != null and limitStart >=0" >
      limit ${limitStart} , ${limitEnd}
    </if>
  </select>
  <select id="selectByPrimaryKey" resultMap="BaseResultMap" parameterType="java.lang.Long" >
    select 
    <include refid="Base_Column_List" />
    from tags
    where id = #{id,jdbcType=BIGINT}
  </select>
  <delete id="deleteByPrimaryKey" parameterType="java.lang.Long" >
    delete from tags
    where id = #{id,jdbcType=BIGINT}
  </delete>
  <delete id="deleteByExample" parameterType="com.fangbaba.basic.face.bean.TagsExample" >
    delete from tags
    <if test="_parameter != null" >
      <include refid="Example_Where_Clause" />
    </if>
  </delete>
  <insert id="insert" parameterType="com.fangbaba.basic.face.bean.Tags" useGeneratedKeys="true" keyProperty="id">
    insert into tags (id, tagname, taggroupid, 
      createtime, updatetime)
    values (#{id,jdbcType=BIGINT}, #{tagname,jdbcType=VARCHAR}, #{taggroupid,jdbcType=BIGINT}, 
      #{createtime,jdbcType=TIMESTAMP}, #{updatetime,jdbcType=TIMESTAMP})
  </insert>
  <insert id="insertSelective" parameterType="com.fangbaba.basic.face.bean.Tags" useGeneratedKeys="true" keyProperty="id">
    insert into tags
    <trim prefix="(" suffix=")" suffixOverrides="," >
      <if test="id != null" >
        id,
      </if>
      <if test="tagname != null" >
        tagname,
      </if>
      <if test="taggroupid != null" >
        taggroupid,
      </if>
      <if test="createtime != null" >
        createtime,
      </if>
      <if test="updatetime != null" >
        updatetime,
      </if>
    </trim>
    <trim prefix="values (" suffix=")" suffixOverrides="," >
      <if test="id != null" >
        #{id,jdbcType=BIGINT},
      </if>
      <if test="tagname != null" >
        #{tagname,jdbcType=VARCHAR},
      </if>
      <if test="taggroupid != null" >
        #{taggroupid,jdbcType=BIGINT},
      </if>
      <if test="createtime != null" >
        #{createtime,jdbcType=TIMESTAMP},
      </if>
      <if test="updatetime != null" >
        #{updatetime,jdbcType=TIMESTAMP},
      </if>
    </trim>
  </insert>
  <select id="countByExample" parameterType="com.fangbaba.basic.face.bean.TagsExample" resultType="java.lang.Integer" >
    select count(*) from tags
    <if test="_parameter != null" >
      <include refid="Example_Where_Clause" />
    </if>
  </select>
  <update id="updateByExampleSelective" parameterType="map" >
    update tags
    <set >
      <if test="record.id != null" >
        id = #{record.id,jdbcType=BIGINT},
      </if>
      <if test="record.tagname != null" >
        tagname = #{record.tagname,jdbcType=VARCHAR},
      </if>
      <if test="record.taggroupid != null" >
        taggroupid = #{record.taggroupid,jdbcType=BIGINT},
      </if>
      <if test="record.createtime != null" >
        createtime = #{record.createtime,jdbcType=TIMESTAMP},
      </if>
      <if test="record.updatetime != null" >
        updatetime = #{record.updatetime,jdbcType=TIMESTAMP},
      </if>
    </set>
    <if test="_parameter != null" >
      <include refid="Update_By_Example_Where_Clause" />
    </if>
  </update>
  <update id="updateByExample" parameterType="map" >
    update tags
    set id = #{record.id,jdbcType=BIGINT},
      tagname = #{record.tagname,jdbcType=VARCHAR},
      taggroupid = #{record.taggroupid,jdbcType=BIGINT},
      createtime = #{record.createtime,jdbcType=TIMESTAMP},
      updatetime = #{record.updatetime,jdbcType=TIMESTAMP}
    <if test="_parameter != null" >
      <include refid="Update_By_Example_Where_Clause" />
    </if>
  </update>
  <update id="updateByPrimaryKeySelective" parameterType="com.fangbaba.basic.face.bean.Tags" >
    update tags
    <set >
      <if test="tagname != null" >
        tagname = #{tagname,jdbcType=VARCHAR},
      </if>
      <if test="taggroupid != null" >
        taggroupid = #{taggroupid,jdbcType=BIGINT},
      </if>
      <if test="createtime != null" >
        createtime = #{createtime,jdbcType=TIMESTAMP},
      </if>
      <if test="updatetime != null" >
        updatetime = #{updatetime,jdbcType=TIMESTAMP},
      </if>
    </set>
    where id = #{id,jdbcType=BIGINT}
  </update>
  <update id="updateByPrimaryKey" parameterType="com.fangbaba.basic.face.bean.Tags" >
    update tags
    set tagname = #{tagname,jdbcType=VARCHAR},
      taggroupid = #{taggroupid,jdbcType=BIGINT},
      createtime = #{createtime,jdbcType=TIMESTAMP},
      updatetime = #{updatetime,jdbcType=TIMESTAMP}
    where id = #{id,jdbcType=BIGINT}
  </update>
  <select id="queryTagsByHotelid" parameterType="map" resultMap="BaseResultMapWithGroup">
  select 
	<include refid="Join_Column_List" /> 
  from tags t join hoteltags b on t.id=b.tagid
  where b.hotelid=#{hotelid,jdbcType=BIGINT}
  </select>
  <!-- 根据酒店ids查，带分页 -->
  <select id="queryTagsByHotelids" parameterType="map" resultMap="BaseResultMapWithGroup">
  select 
	<include refid="Join_Column_List" />
  from tags t join hoteltags b on t.id=b.tagid
  where b.hotelid in
    <foreach collection="hotelids" item="id" open="(" close=")" separator="," >
      #{id}
    </foreach>
    <if test="pageno != null and pageno >=0" >
      limit ${pageno} , ${pagesize}
    </if>
  </select>
  <!-- 根据ids查标签 -->
  <select id="queryTagsByIds" parameterType="map" resultMap="BaseResultMapWithGroup">
  select
  <include refid="Join_Column_List" />
  from tags t
  where t.id in
    <foreach collection="ids" item="id" open="(" close=")" separator="," >
      #{id}
    </foreach>
  </select>
  
  <insert id="batchAddTagRecord" useGeneratedKeys="true" parameterType="java.util.List">  
 <!--    <selectKey resultType="long" keyProperty="id" order="AFTER">  
        SELECT  
        LAST_INSERT_ID()  
    </selectKey>   -->
    insert into tags (tagname,taggroupid,createtime)   
    values  
    <foreach collection="list" item="item" index="index" separator="," >  
        (#{item.tagname},#{item.taggroupid},#{item.createtime})  
    </foreach>  
  </insert>

  <delete id="batchDelTagRecord" parameterType="java.util.List">
	DELETE FROM tags where id in 
    <foreach item="item" collection="list" open="(" separator="," close=")">
			#{item.id}
	</foreach>
  </delete>
  <select id="queryTagsByGroupId" parameterType="map" resultMap="BaseResultMap" >
  select 
	<include refid="Base_Column_List" />
 	from tags where taggroupid=#{taggroupid}
  </select>
  <!-- 查询所有标签 -->
  <select id="queryAllTags" parameterType="map" resultMap="BaseResultMapWithGroup">
  select 
	<include refid="Base_Column_List" />
 	from tags 
  </select>
</mapper>