<?xml version="1.0" encoding="UTF-8" ?>
<!DOCTYPE mapper PUBLIC "-//mybatis.org//DTD Mapper 3.0//EN" "http://mybatis.org/dtd/mybatis-3-mapper.dtd" >
<mapper namespace="com.fangbaba.basic.mappers.WeekendRateModelMapper" >
  <resultMap id="BaseResultMap" type="com.fangbaba.basic.face.bean.WeekendRateModel" >
    <id column="id" property="id" jdbcType="BIGINT" />
    <result column="hotelid" property="hotelid" jdbcType="BIGINT" />
    <result column="roomtypeid" property="roomtypeid" jdbcType="BIGINT" />
    <result column="week" property="week" jdbcType="INTEGER" />
    <result column="price" property="price" jdbcType="DECIMAL" />
    <result column="createtime" property="createtime" jdbcType="TIMESTAMP" />
    <result column="createuser" property="createuser" jdbcType="VARCHAR" />
    <result column="updatetime" property="updatetime" jdbcType="TIMESTAMP" />
    <result column="updateuser" property="updateuser" jdbcType="VARCHAR" />
  </resultMap>
  <sql id="Example_Where_Clause" >
    <where >
      <foreach collection="oredCriteria" item="criteria" separator="or" >
        <if test="criteria.valid" >
          <trim prefix="(" suffix=")" prefixOverrides="and" >
            <foreach collection="criteria.criteria" item="criterion" >
              <choose >
                <when test="criterion.noValue" >
                  and ${criterion.condition}
                </when>
                <when test="criterion.singleValue" >
                  and ${criterion.condition} #{criterion.value}
                </when>
                <when test="criterion.betweenValue" >
                  and ${criterion.condition} #{criterion.value} and #{criterion.secondValue}
                </when>
                <when test="criterion.listValue" >
                  and ${criterion.condition}
                  <foreach collection="criterion.value" item="listItem" open="(" close=")" separator="," >
                    #{listItem}
                  </foreach>
                </when>
              </choose>
            </foreach>
          </trim>
        </if>
      </foreach>
    </where>
  </sql>
  <sql id="Update_By_Example_Where_Clause" >
    <where >
      <foreach collection="example.oredCriteria" item="criteria" separator="or" >
        <if test="criteria.valid" >
          <trim prefix="(" suffix=")" prefixOverrides="and" >
            <foreach collection="criteria.criteria" item="criterion" >
              <choose >
                <when test="criterion.noValue" >
                  and ${criterion.condition}
                </when>
                <when test="criterion.singleValue" >
                  and ${criterion.condition} #{criterion.value}
                </when>
                <when test="criterion.betweenValue" >
                  and ${criterion.condition} #{criterion.value} and #{criterion.secondValue}
                </when>
                <when test="criterion.listValue" >
                  and ${criterion.condition}
                  <foreach collection="criterion.value" item="listItem" open="(" close=")" separator="," >
                    #{listItem}
                  </foreach>
                </when>
              </choose>
            </foreach>
          </trim>
        </if>
      </foreach>
    </where>
  </sql>
  <sql id="Base_Column_List" >
    id, hotelid, roomtypeid, week, price, createtime, createuser, updatetime, updateuser
  </sql>
  <select id="selectByExample" resultMap="BaseResultMap" parameterType="com.fangbaba.basic.po.WeekendRateModelExample" >
    select
    <if test="distinct" >
      distinct
    </if>
    <include refid="Base_Column_List" />
    from weekend_rate
    <if test="_parameter != null" >
      <include refid="Example_Where_Clause" />
    </if>
    <if test="orderByClause != null" >
      order by ${orderByClause}
    </if>
    <if test="limitStart != null and limitStart >=0" >
      limit ${limitStart} , ${limitEnd}
    </if>
  </select>
  <select id="selectByPrimaryKey" resultMap="BaseResultMap" parameterType="java.lang.Long" >
    select 
    <include refid="Base_Column_List" />
    from weekend_rate
    where id = #{id,jdbcType=BIGINT}
  </select>
  <delete id="deleteByPrimaryKey" parameterType="java.lang.Long" >
    delete from weekend_rate
    where id = #{id,jdbcType=BIGINT}
  </delete>
  <delete id="deleteByExample" parameterType="com.fangbaba.basic.po.WeekendRateModelExample" >
    delete from weekend_rate
    <if test="_parameter != null" >
      <include refid="Example_Where_Clause" />
    </if>
  </delete>
  <insert id="insert" parameterType="com.fangbaba.basic.face.bean.WeekendRateModel" >
    insert into weekend_rate (id, hotelid, roomtypeid, 
      week, price, createtime, 
      createuser, updatetime, updateuser
      )
    values (#{id,jdbcType=BIGINT}, #{hotelid,jdbcType=BIGINT}, #{roomtypeid,jdbcType=BIGINT}, 
      #{week,jdbcType=INTEGER}, #{price,jdbcType=DECIMAL}, #{createtime,jdbcType=TIMESTAMP}, 
      #{createuser,jdbcType=VARCHAR}, #{updatetime,jdbcType=TIMESTAMP}, #{updateuser,jdbcType=VARCHAR}
      )
  </insert>
  <insert id="insertSelective" parameterType="com.fangbaba.basic.face.bean.WeekendRateModel" >
    insert into weekend_rate
    <trim prefix="(" suffix=")" suffixOverrides="," >
      <if test="id != null" >
        id,
      </if>
      <if test="hotelid != null" >
        hotelid,
      </if>
      <if test="roomtypeid != null" >
        roomtypeid,
      </if>
      <if test="week != null" >
        week,
      </if>
      <if test="price != null" >
        price,
      </if>
      <if test="createtime != null" >
        createtime,
      </if>
      <if test="createuser != null" >
        createuser,
      </if>
      <if test="updatetime != null" >
        updatetime,
      </if>
      <if test="updateuser != null" >
        updateuser,
      </if>
    </trim>
    <trim prefix="values (" suffix=")" suffixOverrides="," >
      <if test="id != null" >
        #{id,jdbcType=BIGINT},
      </if>
      <if test="hotelid != null" >
        #{hotelid,jdbcType=BIGINT},
      </if>
      <if test="roomtypeid != null" >
        #{roomtypeid,jdbcType=BIGINT},
      </if>
      <if test="week != null" >
        #{week,jdbcType=INTEGER},
      </if>
      <if test="price != null" >
        #{price,jdbcType=DECIMAL},
      </if>
      <if test="createtime != null" >
        #{createtime,jdbcType=TIMESTAMP},
      </if>
      <if test="createuser != null" >
        #{createuser,jdbcType=VARCHAR},
      </if>
      <if test="updatetime != null" >
        #{updatetime,jdbcType=TIMESTAMP},
      </if>
      <if test="updateuser != null" >
        #{updateuser,jdbcType=VARCHAR},
      </if>
    </trim>
  </insert>
  <select id="countByExample" parameterType="com.fangbaba.basic.po.WeekendRateModelExample" resultType="java.lang.Integer" >
    select count(*) from weekend_rate
    <if test="_parameter != null" >
      <include refid="Example_Where_Clause" />
    </if>
  </select>
  <update id="updateByExampleSelective" parameterType="map" >
    update weekend_rate
    <set >
      <if test="record.id != null" >
        id = #{record.id,jdbcType=BIGINT},
      </if>
      <if test="record.hotelid != null" >
        hotelid = #{record.hotelid,jdbcType=BIGINT},
      </if>
      <if test="record.roomtypeid != null" >
        roomtypeid = #{record.roomtypeid,jdbcType=BIGINT},
      </if>
      <if test="record.week != null" >
        week = #{record.week,jdbcType=INTEGER},
      </if>
      <if test="record.price != null" >
        price = #{record.price,jdbcType=DECIMAL},
      </if>
      <if test="record.createtime != null" >
        createtime = #{record.createtime,jdbcType=TIMESTAMP},
      </if>
      <if test="record.createuser != null" >
        createuser = #{record.createuser,jdbcType=VARCHAR},
      </if>
      <if test="record.updatetime != null" >
        updatetime = #{record.updatetime,jdbcType=TIMESTAMP},
      </if>
      <if test="record.updateuser != null" >
        updateuser = #{record.updateuser,jdbcType=VARCHAR},
      </if>
    </set>
    <if test="_parameter != null" >
      <include refid="Update_By_Example_Where_Clause" />
    </if>
  </update>
  <update id="updateByExample" parameterType="map" >
    update weekend_rate
    set id = #{record.id,jdbcType=BIGINT},
      hotelid = #{record.hotelid,jdbcType=BIGINT},
      roomtypeid = #{record.roomtypeid,jdbcType=BIGINT},
      week = #{record.week,jdbcType=INTEGER},
      price = #{record.price,jdbcType=DECIMAL},
      createtime = #{record.createtime,jdbcType=TIMESTAMP},
      createuser = #{record.createuser,jdbcType=VARCHAR},
      updatetime = #{record.updatetime,jdbcType=TIMESTAMP},
      updateuser = #{record.updateuser,jdbcType=VARCHAR}
    <if test="_parameter != null" >
      <include refid="Update_By_Example_Where_Clause" />
    </if>
  </update>
  <update id="updateByPrimaryKeySelective" parameterType="com.fangbaba.basic.face.bean.WeekendRateModel" >
    update weekend_rate
    <set >
      <if test="hotelid != null" >
        hotelid = #{hotelid,jdbcType=BIGINT},
      </if>
      <if test="roomtypeid != null" >
        roomtypeid = #{roomtypeid,jdbcType=BIGINT},
      </if>
      <if test="week != null" >
        week = #{week,jdbcType=INTEGER},
      </if>
      <if test="price != null" >
        price = #{price,jdbcType=DECIMAL},
      </if>
      <if test="createtime != null" >
        createtime = #{createtime,jdbcType=TIMESTAMP},
      </if>
      <if test="createuser != null" >
        createuser = #{createuser,jdbcType=VARCHAR},
      </if>
      <if test="updatetime != null" >
        updatetime = #{updatetime,jdbcType=TIMESTAMP},
      </if>
      <if test="updateuser != null" >
        updateuser = #{updateuser,jdbcType=VARCHAR},
      </if>
    </set>
    where id = #{id,jdbcType=BIGINT}
  </update>
  <update id="updateByPrimaryKey" parameterType="com.fangbaba.basic.face.bean.WeekendRateModel" >
    update weekend_rate
    set hotelid = #{hotelid,jdbcType=BIGINT},
      roomtypeid = #{roomtypeid,jdbcType=BIGINT},
      week = #{week,jdbcType=INTEGER},
      price = #{price,jdbcType=DECIMAL},
      createtime = #{createtime,jdbcType=TIMESTAMP},
      createuser = #{createuser,jdbcType=VARCHAR},
      updatetime = #{updatetime,jdbcType=TIMESTAMP},
      updateuser = #{updateuser,jdbcType=VARCHAR}
    where id = #{id,jdbcType=BIGINT}
  </update>
  <select id="findWeekendRates" parameterType="map" resultMap="BaseResultMap">
  	select * from weekend_rate 
  	where 
  	(
		<if test="hotelid != null " >
        hotelid = #{hotelid,jdbcType=BIGINT}
    	</if>
    	<if test="hotelid != null and roomtypeids != null and roomtypeids.size() > 0" >
    	or
    	</if>
    	<if test="roomtypeids != null and roomtypeids.size() > 0" >
    	roomtypeid in  
		    <foreach item="roomtypeid" collection="roomtypeids" separator="," open="(" close=")" index="">  
		      #{roomtypeid}  
		    </foreach>
	    </if>
    )
	<if test="weeks != null and weeks.size() > 0" >
	and week in
	    <foreach item="week" collection="weeks" separator="," open="(" close=")" index="">  
	      #{week}  
	    </foreach>
	</if>
  </select>
</mapper>