<?xml version="1.0" encoding="UTF-8"?>  
<beans xmlns="http://www.springframework.org/schema/beans"  
    xmlns:xsi="http://www.w3.org/2001/XMLSchema-instance"  
    xmlns:dubbo="http://code.alibabatech.com/schema/dubbo"  
    xsi:schemaLocation="http://www.springframework.org/schema/beans  
        http://www.springframework.org/schema/beans/spring-beans.xsd  
        http://code.alibabatech.com/schema/dubbo  
        http://code.alibabatech.com/schema/dubbo/dubbo.xsd ">  
      
    <!-- 提供方应用信息，用于计算依赖关系 -->  
    <dubbo:application name="${dubbo.application.name}"  />
    <dubbo:monitor  protocol="registry"/>  
   
    <!-- 使用multicast广播注册中心暴露服务地址   
    <dubbo:registry address="multicast://224.5.6.7:1234" />-->  
    
    <!-- 使用zookeeper注册中心暴露服务地址 -->  
    <dubbo:registry address="${dubbo.registry.address}"/>   
    
    <!-- 用dubbo协议在20880端口暴露服务 -->  
    <dubbo:protocol name="dubbo" port="${dubbo.protocol.port}" />
    <!-- <dubbo:protocol name="dubbo" port="${dubbo.protocol.port}" host="192.168.0.129"/> -->
   
    <!-- 声明需要暴露的服务接口 -->  
    <dubbo:service interface="com.fangbaba.basic.face.service.HotelService" ref="hotelService"  timeout="${dubbo.timeout}"  group="${dubbo.basic.group}" version="1.0.0" />  
     
	<dubbo:service interface="com.fangbaba.basic.face.service.RoomtypeService" ref="roomtypeService"  timeout="${dubbo.timeout}" group="${dubbo.basic.group}" version="1.0.0" />
     
	<dubbo:service interface="com.fangbaba.basic.face.service.RoomService" ref="roomService"  timeout="${dubbo.timeout}" group="${dubbo.basic.group}" version="1.0.0" /> 
     
	<dubbo:service interface="com.fangbaba.basic.face.service.CityService" ref="cityService"  timeout="${dubbo.timeout}" group="${dubbo.basic.group}" version="1.0.0" /> 
     
	<dubbo:service interface="com.fangbaba.basic.face.service.ProvinceService" ref="provinceService"  timeout="${dubbo.timeout}" group="${dubbo.basic.group}" version="1.0.0" />  
     
	<dubbo:service interface="com.fangbaba.basic.face.service.DistrictService" ref="districtService"  timeout="${dubbo.timeout}" group="${dubbo.basic.group}" version="1.0.0" />
                       
	<dubbo:service interface="com.fangbaba.basic.face.service.HotelSaleConfigService" ref="hotelSaleConfigService"  timeout="${dubbo.timeout}" group="${dubbo.basic.group}" version="1.0.0" />                 
      
	<dubbo:service interface="com.fangbaba.basic.face.service.HotelExtensionService" ref="hotelExtensionService"  timeout="${dubbo.timeout}" group="${dubbo.basic.group}" version="1.0.0" />  
                     
	<dubbo:service interface="com.fangbaba.basic.face.service.SellPriceService" ref="sellPriceService"  timeout="${dubbo.timeout}" group="${dubbo.basic.group}" version="1.0.0" />         
      
	<dubbo:service interface="com.fangbaba.basic.face.service.StatisticsService" ref="statisticsService"  timeout="${dubbo.timeout}" group="${dubbo.basic.group}" version="1.0.0" />            

	<dubbo:service interface="com.fangbaba.basic.face.service.TagsService" ref="tagsService"  timeout="${dubbo.timeout}" group="${dubbo.basic.group}" version="1.0.0" />            

	<dubbo:service interface="com.fangbaba.basic.face.service.HotelTagsService" ref="hotelTagsService"  timeout="${dubbo.timeout}" group="${dubbo.basic.group}" version="1.0.0" />            
    
    <dubbo:service interface="com.fangbaba.basic.face.service.DistributionPriceService" ref="distributionPriceService"  timeout="${dubbo.timeout}" group="${dubbo.basic.group}" version="1.0.0" />            
    
    <dubbo:service interface="com.fangbaba.basic.face.service.DistributionPriceService" ref="distributionPriceService"  timeout="${dubbo.timeout}" group="${dubbo.basic.group}" version="1.0.0" />            
     
	<dubbo:service interface="com.fangbaba.basic.face.service.HotelBusinessService" ref="hotelBusinessService"  timeout="${dubbo.timeout}" group="${dubbo.basic.group}" version="1.0.0" />
	
	<dubbo:service interface="com.fangbaba.basic.face.service.RoomtypeinfoService" ref="roomtypeinfoService"  timeout="${dubbo.timeout}" group="${dubbo.basic.group}" version="1.0.0" />
	            
    <!-- 具体的实现bean -->  
    <bean id="hotelService" class="com.fangbaba.basic.service.impl.HotelServiceImpl" /> 
     
    <bean id="roomtypeService" class="com.fangbaba.basic.service.impl.RoomtypeServiceImpl" /> 
     
    <bean id="roomService" class="com.fangbaba.basic.service.impl.RoomServiceImpl" /> 
    
    <bean id="cityService" class="com.fangbaba.basic.service.impl.CityServiceImpl" /> 
      
    <bean id="provinceService" class="com.fangbaba.basic.service.impl.ProvinceServiceImpl" />
       
    <bean id="districtService" class="com.fangbaba.basic.service.impl.DistrictServiceImpl" />
      
    <bean id="hotelSaleConfigService" class="com.fangbaba.basic.service.impl.HotelSaleConfigServiceImpl" />
      
    <bean id="hotelExtensionService" class="com.fangbaba.basic.service.impl.HotelExtensionServiceImpl" /> 
      
    <bean id="sellPriceService" class="com.fangbaba.basic.service.impl.SellPriceServiceImpl" /> 
    
    <bean id="tagsService" class="com.fangbaba.basic.service.impl.TagsServiceImpl" /> 
        
    <bean id="hotelTagsService" class="com.fangbaba.basic.service.impl.HotelTagsServiceImpl" /> 
    
    <bean id="distributionPriceService" class="com.fangbaba.basic.service.impl.DistributionPriceServiceImpl" /> 
    
    <bean id="statisticsService" class="com.fangbaba.basic.service.impl.StatisticsServiceImpl" /> 
    
    <bean id="elasticsearchProxy" class="com.fangbaba.basic.es.ElasticsearchProxy" />

    <bean id="hotelBusinessService" class="com.fangbaba.basic.service.impl.HotelBusinessServiceImpl" />
    
    <bean id="roomtypeinfoService" class="com.fangbaba.basic.service.impl.RoomtypeinfoServiceImpl" />  

</beans>  