<?xml version="1.0" encoding="UTF-8" standalone="no"?>
<beans xmlns="http://www.springframework.org/schema/beans" xmlns:context="http://www.springframework.org/schema/context" xmlns:mvc="http://www.springframework.org/schema/mvc" xmlns:p="http://www.springframework.org/schema/p" xmlns:xsi="http://www.w3.org/2001/XMLSchema-instance"
	xsi:schemaLocation="http://www.springframework.org/schema/beans http://www.springframework.org/schema/beans/spring-beans-4.1.xsd     
	http://www.springframework.org/schema/context http://www.springframework.org/schema/context/spring-context-4.1.xsd     
	http://www.springframework.org/schema/mvc http://www.springframework.org/schema/mvc/spring-mvc-4.1.xsd">

	<!-- The controllers are autodetected POJOs labeled with the @Controller annotation. -->
	<context:component-scan base-package="com.fangbaba" use-default-filters="false">
		<context:include-filter expression="org.springframework.stereotype.Controller" type="annotation" />
	</context:component-scan>

	<!-- Turns on support for mapping requests to Spring MVC @Controller methods Also registers default Formatters and Validators for use across all @Controllers -->
	<mvc:annotation-driven>
		<mvc:message-converters register-defaults="true">
			<bean id="stringConverter" class="org.springframework.http.converter.StringHttpMessageConverter">
				<property name="supportedMediaTypes">
					<list>
						<value>text/plain;charset=UTF-8</value>
					</list>
				</property>
			</bean>
			<bean class="com.alibaba.fastjson.support.spring.FastJsonHttpMessageConverter">
				<property name="supportedMediaTypes">
					<list>
						<value>application/json</value>
					</list>
				</property>
				<property name="features">
					<list>
						<value>WriteMapNullValue</value>
						<value>QuoteFieldNames</value>
					</list>
				</property>
			</bean>
		</mvc:message-converters>
	</mvc:annotation-driven>


	<!-- Handles HTTP GET requests for /resources/** by efficiently serving up static resources -->
	<mvc:resources location="/, classpath:/META-INF/web-resources/" mapping="/resources/**" />

	<!-- Allows for mapping the DispatcherServlet to "/" by forwarding static resource requests to the container's default Servlet -->
	<mvc:default-servlet-handler />

	<!-- register "global" interceptor beans to apply to all registered HandlerMappings -->
	<mvc:interceptors>
		<bean class="org.springframework.web.servlet.theme.ThemeChangeInterceptor" />
		<bean class="org.springframework.web.servlet.i18n.LocaleChangeInterceptor" p:paramName="lang" />
	</mvc:interceptors>

	<!-- selects a static view for rendering without the need for an explicit controller -->
	<!-- <mvc:view-controller path="/login" /> <mvc:view-controller path="/image" /> -->

	<mvc:annotation-driven content-negotiation-manager="contentNegotiationManager" />
	<bean id="contentNegotiationManager" class="org.springframework.web.accept.ContentNegotiationManagerFactoryBean">
		<property name="favorPathExtension" value="false" />
		<property name="favorParameter" value="false" />
		<property name="ignoreAcceptHeader" value="false" />
		<property name="mediaTypes">
			<value>
				atom=application/atom+xml
				html=text/html
				json=application/json
				*=*/*
			</value>
		</property>
	</bean>

	<!-- Resolves localized messages*.properties and application.properties files in the application to allow for internationalization. The messages*.properties files translate Roo generated messages which are part of the admin interface, the application.properties resource bundle localizes all application 
		specific messages such as entity names and menu items. -->
	<bean class="org.springframework.context.support.ReloadableResourceBundleMessageSource" id="messageSource" p:basenames="WEB-INF/i18n/messages,WEB-INF/i18n/application" p:fallbackToSystemLocale="false" />

	<!-- store preferred language configuration in a cookie -->
	<bean class="org.springframework.web.servlet.i18n.CookieLocaleResolver" id="localeResolver" p:cookieName="locale" />

	<!-- resolves localized <theme_name>.properties files in the classpath to allow for theme support -->
	<bean class="org.springframework.ui.context.support.ResourceBundleThemeSource" id="themeSource" />

	<!-- store preferred theme configuration in a cookie -->
	<bean class="org.springframework.web.servlet.theme.CookieThemeResolver" id="themeResolver" p:cookieName="theme" p:defaultThemeName="standard" />

	<!-- enable this for integration of file upload functionality -->
	<bean class="org.springframework.web.multipart.commons.CommonsMultipartResolver" id="multipartResolver" />

	<bean id="viewResolver" class="org.springframework.web.servlet.view.InternalResourceViewResolver">
		<property name="viewClass">
			<value>org.springframework.web.servlet.view.JstlView</value>
		</property>
		<property name="prefix">
			<value>/WEB-INF/jsp/</value>
		</property>
		<property name="suffix">
			<value>.jsp</value>
		</property>
	</bean>
</beans>
